"text","risk_level"
"基本契約書
甲
乙
基本契約書
___________（以下「甲」という）と （以下「乙」という）とは、甲が乙に委託する
業務（以下「委託業務」という）に関し、次の通り基本契約（以下「本契約」という）を締結する。
第１章 総 則
（原則）第１条
甲および乙は、甲乙間の取引が相互の信頼に基づいて行なわれることを認識し、信義誠実の原則に則り、公正
な取引を行なう。
（対象業務）第２条
甲が乙に委託する対象業務は、以下の一部または全部とする。
（1）ソフトウェア開発業務および開発支援業務
（2）ソフトウェアに関する共通技術支援業務
（3）コンピューターシステムの運用業務および運用支援業務
（4）データエントリー業務
（5）前各号に付帯するその他業務
（提出書類）第３条
１．乙は、甲と本契約を締結するにあたり、甲からの要求がある場合、別途甲が指定する書類を甲が指定する
期日までに甲に提出する。
２．乙は、前項による提出書類の記載内容に変更が生じた場合、直ちにその旨を甲に通知するとともに変更後
の書類を改めて提出する。
３．前項の提出を怠ったことにより甲および乙が被った損害は乙の負担とする。
４． 甲は、必要あるときは乙に対し第1項および第2項の提出書類について説明を依頼することができる。
第２章 個別契約
（適用）第４条
１．甲が乙に委託する個別の委託契約（以下「個別契約」という）は、個別契約に特約がない限り本契約の各
条項に基づき実施される。なお、個別契約を締結する際には、委託業務の内容、委託料金、実施方法、成
果物、納入期限等必要な事項を定める。
２．個別契約は料金の支払方法および作業の形態により、次の各号のとおり分類される。
（１）一括請負：一括請負とは、甲が乙に委託する個別業務のうち、成果物の検収後個別契約で定めた料
金を支払うことを約して請負作業を委託する形態の契約をいう。
（２）作業請負：作業請負とは、甲が乙に委託する個別業務のうち、乙が実施した作業内容および結果に
応じて料金を支払うことを約して請負作業を委託する形態の契約をいう。
（個別契約の成立）第５条
１．個別契約は、甲が甲所定の注文書を乙に対し交付し、乙がこれを承諾して注文請書を提出することにより
成立する。
２．当該注文書発行日から7日以内に乙が何らの意志表示をしない場合、当該7日間の満了日をもって承諾の意
思表示がなされたものとみなす。
３．前項により個別契約が成立した場合であっても、乙は所定の注文請書を速やかに甲に提出する。
４．個別契約の内容が本契約の条項と矛盾する場合、個別契約の内容が本契約の条項に優先して適用される。
５．個別契約を変更する場合、甲は別途変更注文書を乙に交付する。なお、変更された個別契約の成立は前各
項に準ずるものとする。
（仕様）第６条
乙は、別途甲が提示する仕様書またはこれに類するものおよび要望、依頼等（以下「仕様書等」という）に基
づき、個別に定める成果物、目的物および関連ドキュメント（以下「納品物件」という）を納入し、または受託
業務を実施する。甲の仕様に定めのない事項その他仕様に疑義のあるとき、乙は直ちにその旨を甲に通知し、甲
の指示を受けなければならない。
（主任担当者）第７条
１．甲および乙は、本契約締結後速やかに、委託業務を円滑に遂行するため、それぞれ業務の主任担当者を1
名および必要な作業推進体制を定め、互いに書面をもって相手方に通知する。この変更を行った場合も同
様とする。
２．甲および乙は、本契約または個別契約に定めた事項のほか、委託業務遂行に関する相手方からの要請指示
等の受理および相手方への依頼、その他相手方との連絡、確認等は原則として主任担当者を通じて行う。
３．甲および乙は、主任担当者が委託業務の実施につき適任ではないと認めた場合、相手方に理由を明示して
必要な措置を求めることができる。
（仕様書等の変更）第８条
１．甲は個別契約書の成立後であっても、甲にやむを得ない事情がある場合には、乙の承諾を得て仕様書等の
内容を変更することができる。
２．変更の内容が、本契約および個別契約に定める委託料金、納期およびその他の契約条件に影響を及ぼすも
のであると双方が判断した場合には、変更注文書を甲から乙に交付することをもってのみ、仕様書等の変
更を行うことができる。なお、変更の内容が、本契約および個別契約に定める条項に影響を及ぼすもので
はないと双方が判断した場合には、変更注文書を交付することなく、仕様書等の変更を行うことができ
る。
３．前項に基づき仕様書等の変更を行う場合は、甲は仕様書等を変更した資料（以下「変更仕様書」という）
を作成し、乙に提示する。但し、甲および乙が協議のうえ、その変更が軽微なものであると判断した場合
には、変更の内容、理由等を明示した書面をもって変更仕様書の作成に代えることができる。
（連絡協議会の設置）第９条
1. 甲及び乙は、全体プロジェクトが終了するまでの間、開発する機能の内容決定、全体プロジェクト及び
機能開発の進捗状況、リスクの管理及び報告、双方による作業の実施状況、問題点の協議及び解決、そ
の他全体プロジェクトが円滑に遂行できるよう必要な事項を協議するため、連絡協議会を開催する。
2. 連絡協議会は、原則として、個別契約書で定める頻度で定期的に開催するものとし、それに加えて、甲及
び乙のいずれかが必要と認める場合に随時開催する。
3. 甲及び乙は、必要があれば連絡協議会を迅速に開催できるよう、体制を整えなければならない。
4. 連絡協議会には、双方の責任者、主任担当者及び責任者が適当と認める者が出席する。また、甲及び乙
は、連絡協議会における協議に必要となる者の出席を相手方に求めることができ、相手方は合理的な理由
がある場合を除き、これに応じるものとする。
5. 乙は、連絡協議会において、開発すべき機能の内容を決定し、全体プロジェクト及び機能開発の進捗状況
を確認するとともに、遅延事項の有無、遅延事項があるときはその理由と対応策、推進体制の変更（人員
の交代、増減、再委託先の変更など）の要否、セキュリティ対策の履行状況、個別契約の変更を必要とす
る事由の有無、個別契約の変更を必要とする事由があるときはその内容などの事項を必要に応じて協議
し、決定された事項、継続検討とされた事項並びに継続検討事項がある場合は検討スケジュール及び検討
を行う当事者等を確認するものとする。
6. 甲及び乙は、全体プロジェクトの遂行に関し連絡協議会で決定された事項について、本契約に反しない限
り、これに従わなければならない。
7. 乙は、連絡協議会の議事内容及び結果について、議事録を作成し、これを書面又は電子メールにより甲に
提出する。なお、仕様変更等の重要事項の決定がある場合を除いては、双方の合意により議事録を作成し
ないこともできる。
8. 前項の議事録は、少なくとも当該連絡協議会において決定された事項、継続検討とされた事項及び継続検
討事項がある場合は、検討スケジュール及び検討を行う当事者の記載を含むものとする。
9. 甲及び乙は、連絡協議会を開催していない場合であっても、相手方から全体プロジェクトに関する問い合
わせを受けた場合には、速やかに応答するものとする。
（報告）第１０条
１．乙は、甲の要求があるときは、委託業務について、甲に工程計画書の提出および進捗状況の報告を行な
い、また、工程遅延のおそれがある場合には、速やかにその理由および対策を甲に提出する。
２．乙は、天災地変その他の止むを得ざる事由により委託業務の遂行が不可能となり、または重大な支障をき
たす場合、あるいは甲の指示を受けることができず応急的に業務を行った場合は、その詳細を書面にて甲
に報告し、甲の指示を受ける。
（作業請負における担当者の選任）第１１条
１．乙は、個別契約毎に、自己の技術者の中から作業区分に応じた作業実施技術者（以下「担当者」という）
を選任し、書面により甲に当該担当者の氏名、作業区分、委託業務選任期間、その他必要事項を通知す
る。
２．乙が担当者の変更を要するときは、事前に甲に対し、その理由および変更対象担当者名を書面により通知
し、乙は当該担当者の変更により、受託業務の実施に支障を及ぼすことのないよう配慮する。
なお、変更理由が乙の責に帰すべき場合は、担当者変更に伴う費用の一切は乙の負担とする。
３．甲は、乙の選任した担当者が、甲が指定した作業区分に応じた技術能力を有しないと認めたときは、乙と
協議のうえ、甲が指定した作業区分の技術能力を有する担当者に変更するか、または当該担当者の委託料
金算出の基礎となる単価を当該担当者の技術力に応じた単価に変更することができる。
第３章 納 品
（納品）第１２条
乙は、甲の注文書、仕様書等に従って納品物件を製作し、甲が指定する納入期日（以下「納期」という）まで
に、指定する場所に納入しなければならない。
（納品時の書類）第１３条
乙は納品物件納入の際、甲所定の納品書類および甲が貸与または提供した仕様書等を納品物件に添付して提出
しなければならない。
（納期または実施時期の変更）第１４条
１．乙が自己の都合により納期前または実施時期前に納品物件の納入または委託業務の実施を希望するとき
は、あらかじめ甲の承諾を得るものとする。
２．乙は、納品物件の納期または委託業務の実施時期につき遅延のおそれがあるときは、直ちにその事由およ
び納入または実施予定日等を甲に申し出て甲の指示を受けなければならない。
（危険負担）第１５条
各個別契約成立後、乙の甲への引き渡しまでに、納品物件の全部または一部が滅失、毀損または変質した場合
は、甲の責に帰する場合を除いて、一切の損害は乙が負担する。
第４章 検 査
（検査および引渡し）第１６条
１．甲は、乙から納品物件が納入される都度、甲の定める方法により検査を行なう。
２．甲は、納品物件が前項の検査に合格したと認めたとき、書面を乙に交付するものとし、この交付をもって
納品物件の引渡しとする。
（検査の期間）第１７条
甲は、乙からの納品物件に対し、原則として納入後30日以内に成果物を検査し、成果物に契約の内容に適合し
ないものがあったときは直ちに乙に通知する。
（検査に不合格の措置）第１８条
１．本章による検査の結果、不合格の納品物件があったときは、乙は直ちに修正作業を実施のうえ、再検査を
受けなければならない。
２．再検査の手続き等については、本章の規定を準用する。
３．再検査により納期遅延となった場合、甲は乙に対し損害結償を請求することができる。
第５章 支 払
（支払）第１９条
1． 乙は、引渡した納品物件の委託料金を甲に請求書を持って請求し、甲は下記の方法により乙に支払うも
のとする。
2． 委託料金の支払いは、毎月末日締めとし、翌月末迄に乙の指定する金融機関の口座に当該請求料金を振
り込むものとする。
（相殺）第２０条
１．甲は、乙に対する債権を乙に対する甲の委託料金その他の支払債務と相殺することができる。
２．甲および乙は、前項の相殺の都度、相殺する額の領収書を交換する。但し、これに代えて、甲が相殺額の
明細を乙に書面で通知することによって相殺が完了したものとすることができる。
第6章 一般事項
（契約不適合責任）第２１条
１．甲は、当該成果物に個別契約に定める種類、品質又は数量等との不適合があった場合は、甲が当該成
果物に関する不適合を知った時から1年以内に乙にこれを申し出た場合に限り、乙に対し、契約不適
合責任の追及（追完請求、代金減額請求、損害賠償請求及び契約解除）を行うことができる。
２．前項は、契約不適合が甲の提供した資料等又は甲の与えた指示が不適当であったことを主たる原因と
して生じたときは適用しない。但し、乙がその資料等又は指示が不適当であることを知りながら告げ
なかったときはこの限りでない。
３．第1項に定める契約不適合責任の追及権は、当該成果物に対する検収を終えた日から２年を経過した
場合には消滅するものとする。
（仕様書等の管理）第２２条
１．乙は、甲が貸与または提供した仕様書等の資料の保管管理については、厳重にこれを行うものとし、書面
による承諾がない限り、他の目的への転用、第三者への貸与・閲覧等または作業場所からの持ち出しを禁
止する。
２．本契約終了後、乙は速やかに甲から貸与または提供された仕様書等を甲に返還または廃棄しなければなら
ない。
３．委託業務に従事する乙の技術者（以下「乙の技術者」という）の故意または過失により、甲より貸与また
は提供された機器等に修理・調整の必要が生じた場合、乙はその費用を賠償しなければならない。
（秘密保持義務）策２３条
１．本契約において秘密情報とは以下の各号に定めるものをいう。
（１）本契約に関連して知り得た甲または甲の顧客の技術上、販売上その他の業務上の情報
（２）本契約および業務資料の内容
（３）甲または甲の顧客の保有する個人情報(個人情報保護法第2条第1項に定める個人情報をいう。)
２．前項にかかわらず、以下の各号のいずれかに該当する情報は秘密情報から除くものとする。
（１）開示の時点ですでに公知のもの、または開示後乙の責によらずして公知となったもの
（２）第三者から秘密保持義務を負うことなく正当に入手したもの
（３）開示の時点ですでに乙が保有しているもの
（４）開示された秘密情報によらずして、独自に開発したもの
３．乙は、作成請負業務の実施期間中に限り当該作成請負業務の実施に必要な範囲内でのみ秘密情報を使用す
るものとし、事前に書面で甲の承諾を得ずに当該範囲を超えて秘密情報を使用、複製、加工等しないもの
とする。
４. 乙は、秘密情報を作成請負業務の実施のため知る必要のある自己の役員または従業員にのみ開示し、事前
に書面で甲の承諾を得ずに第三者に開示または漏洩しないものとする。但し、乙は、再委託先に対し、再
委託先の業務に必要な範囲内でのみ秘密情報を開示できるものとし、当該範囲について事前に書面で甲の
承諾を得るものとする。
５．乙は、善良なる管理者の注意をもって秘密情報を管理するものとし、不当なアクセスまたは紛失、破壊、
改窟および漏洩、持ち出し等の防止に必要な安全対策を講じるものとする。
６．乙は、秘密情報の内容またはその取り扱いに関して甲の顧客または第三者から問い合わせまたは請求を受
けた場合、直ちに甲に通知し、その対応につき協議する。
７．乙は、本契約が終了した場合または甲の要請のある場合、秘密情報(複製物を含む)を甲の指示に従って直
ちに適切な方法で返却または破棄するものとし、必要に応じて甲乙双方でこれを確認する。
８．乙は、甲の要請に応じて、秘密情報の管理状況等につき甲に書面で報告するものとし、甲は、必要に応じ
て乙および再委託先の事業所等にて当該管理状況等を確認できるものとする。
９．乙は、本条の規定を乙の役員および従業員、再委託先に対して周知徹底して遵守させるものとし、甲の要
請に応じて作成請負業務を担当する乙および再委託先の従業員の誓約書を甲に提出するものとする。
１０．乙は、秘密情報の漏洩、盗難持ち出し等の事故が生じた場合は、直ちに当該事故の内容および対応等
について甲に通知・報告するものとする。
（発表・公開の禁止）第２４条
乙は、個別契約により作成したプログラムおよびこれに関連した資料のうち甲のノウハウに関わる部分につい
ては、あらかじめ書面による甲の承諾なしに発表および公開してはならない。
（再委託の禁止）第２５条
１．乙は、委託業務の全部または一部を第三者に委託してはならない。但し、事前に甲の書面による承諾を得
た場合はこの限りではない。
２．前項但し書きにより、乙が第三者に再委託を行う場合、乙は本契約および個別契約に定める義務を当該第
三者に遵守させると共に、当該第三者の行為について全責任を負う。
（作業場所）第２６条
１．乙が委託業務を遂行する場所は、甲が指定する場合を除き乙の定める場所とする。
２．前項の作業場所が甲または甲の顧客の作業場所であるとき、当該作業場所の使用条件等の詳細は甲乙協議
のうえ取り決める。
３．前項の場合、乙は乙の技術者を甲または甲の顧客が職場秩序維持のため定めた諸規則、基準および甲の指
示に則って行動させなければならない。
（建物等の使用）第２７条
甲は、必要と認めるとき乙に対し甲の建物および付属設備の使用を許可する。
（材料等の支給・貸与）第２８条
甲は、必要と認めるときは乙に対し、納品物件の製作または委託業務の遂行に必要な材料および消耗品の全部
または一部（以下「支給品」という）を貸与する。貸与条件、使用条件については甲乙別途協議する。
（使用責任）第２９条
１．乙は、乙の技術者について、労働基準法、職業安定法、労働災害補償保険法等、労働関係法令に定める事
業主または使用者としての一切の要件を具備履行すると共に責任を負う。
２．乙の技術者の業務履行に関する指示、管理、労働時間等の管理、企業秩序の維持確保等に関する指揮命令
は、乙の指定する指揮命令者がこれを行う。但し、甲は緊急時やトラブル対応時に、乙の技術者に必要な
範囲で直接依頼することができる。
（損害賠償）第３０条
１．本契約又は個別契約の解除の有無にかかわらず、甲および乙は、本契約又は個別契約に基づく債務を履行
しないこと又は第３４条第１項もしくは第２項に該当したことにより相手方に損害が生じた場合には、相
手方又は反対当事者に対し、被った損害の賠償を請求できる。
２．次に掲げる各号のいずれかの事由により甲に損害が生じた場合には、甲は乙に対し、損害の賠償を請求す
ることができる。
（１）委託業務の全部または一部が履行されないとき。
（２）委託されたソフトウェア等を甲の指示条件に反して開発し、甲に重大な支障もしくは損害を与えたと
き。
（３）委託されたソフトウェア等の重大な不備により甲に損害を与えたとき。
（４）第２３条の定めに反し機密を漏洩し、これにより甲に損害を与えたとき。
（５）委託業務の全部または一部の作業が個別契約により定めた納入期日までに完成しないことにより甲に損
害を与えたとき。
（６）成果物に関し第三者により甲に対し製造物責任が問われ甲に損害が生じたとき。
（知的財産権）第３１条
１．作成請負業務の過程で生じた特許権、実用新案権（特許、実用新案登録を受ける権利を含み、以下「特許
権等」という。）の帰属については、以下のとおりとする。
（１）甲が単独で行った発明、考案（以下「発明等」という）から生じた特許権等については、甲単独に帰属
するものとする。
（２）乙が単独で行った発明等から生じた特許権等については、乙単独に帰属するものとする。
（３）甲および乙が共同で行った発明等から生じた特許権等については、甲乙共有とする。この場合、甲およ
び乙は、特許権等の全部につき、それぞれ相手方の了承および対価の支払いなしに自ら実施し、または
第三者に対し通常実施権を実施許諾することができるものとする。
２．乙が従前より保有する特許権等を納入物件に適用した場合、および前項第2号により乙に帰属する特許権
等が生じ、これが納入物件に適用されている場合には乙は甲に対し、当該特許権等について、甲が自らま
たは当該納入物件を使用する甲の顧客が当該納入物件を使用するために必要な範囲で、通常実施権を実施
許諾するものとする。
３．納入物件に関する著作権の帰属については、以下のとおりとする。但し、個別契約で別途異なる定めをし
た場合には、当該定めが本項に優先するものとする。
（１）プログラム
納入物件のうち新規に作成されたプログラムの著作権については、当該プログラムに関する納入をもって、
乙から甲に譲渡（著作権法第27条および第28条の権利の譲渡を含み、以下同じ）されるものとする。また、
納入物件のうち、甲または乙が従前から保有していた、もしくは第三者より使用許諾を受けたプログラムを
改変（コンバージョンを含み、以下同じ）して作成されたプログラムの著作権は、当該改変前のプログラム
の著作権者に帰属するものとする。なお、乙は甲および甲の顧客に対し、乙が従前から保有していたプログ
ラムを改変して作成されたプログラムにつき、納入物件を使用するために必要な範囲で、著作権法に基づく
利用（著作権法に基づく複製、翻案等を行うことをいい、以下同じ）を許諾するものとする。
（２）プログラム構成部品（ソースコード等）
①納入物件のうち新規に作成されたプログラムの構成部品であるルーチン、モジュール、関数型等（以下
「プログラム構成部品」という）で、甲または乙が従前から保有していたプログラム構成部品の著作権につ
いては、それぞれ甲または乙に帰属するものとする。この場合、乙は甲および甲の顧客に対し、当該プログ
ラム構成部品について納入物件を使用するために必要な範囲で、著作権法に基づく利用を許諾するものとす
る。
②納入物件のうち、新規に作成されたプログラムのプログラム構成部品で、新規に作成されたプログラム構
成部品の著作権については、当該プログラムに関する納入を持って、乙から甲に譲渡（著作権法第27条およ
び第28条の権利の譲渡を含み、以下同じ）されるものとする。
（３）ドキュメント
納入物件のうち新規に作成されたドキュメントの著作権については、当該ドキュメントに関する納入を持っ
て、乙から甲に譲渡（著作権法第27条および第28条の権利の譲渡を含み、以下同じ）されるものとする。
（第三者への権利侵害）第３２条
１．乙は、作成請負業務の実施にあたって、第三者の工業所有権著作権その他の権利利益（営業秘密等の不正
競争防止法における保護を含み、以下併せて「知的財産等」という）を侵害しないよう留意するととも
に、作成請負業務の納入物件その他の関連資料等（以下併せて「納入物件等」という）が、第三者の知的
財産権等を侵害していないことを保証する。また、乙は納入物件等が各国法令に照らし適法な手続、方法
または手段の下に作成または入手されたものであることを保証する。
２、前項の定めに関わらず、甲が当該納入物件等を自ら使用しまたは甲の顧客に提供し、甲の顧客が使用する
にあたり、納入物件等が第三者の知的財産権等を侵害するものとして甲または甲の顧客に対し何らかの訴
え、異議請求等（以下併せて「紛争」という）がなされた場合、乙は、自己の責任と負担において当該紛
争を処理解決し、甲に迷惑、損害を及ぼさないものとする。但し、当該紛争が甲の提示した仕様書等また
は甲の指示に直接起因する場合はこの限りではない。
３、前項において納入物件等の全部または一部が第三者の権利を侵害するものと判断される場合には、乙は、
甲または甲の顧客の選択に従い、乙の責任と負担において以下のいずれかの措置をとるものとする。
（１ ）甲が納入物件等を自ら使用しまたは甲の顧客に提供できるよう、当該第三者の許諾を得ること。
（２）納入物件等を権利侵害のないものに改変すること。
（債権の譲渡等）策３３条
甲および乙は本契約から生ずる一切の権利または義務を第三者に委任、譲渡しもしくは担保の目的に供しては
ならない。
（解除）第３４条
１．甲および乙は、相手方が次の各号のいずれかに該当する場合、相手方に書面で通知することで何らの催告
なく直ちに本契約および個別契約を解除することができる。
（1） 本契約および個別契約の条項の一に違反したとき。
（2） 振出した手形もしくは小切手が不渡りとなったとき、または第三者から差押、仮差押、仮処分、
競売、破産、破産宣告、整理、更正等の申し立てを受けもしくは自ら破産宣告、整理、更正等の
申し立てをしたとき。
（3） 不正な行為もしくは相手方の信頼を失墜させる行為をなしたとき、または相手方の指示に従わず
もしくは相手方の業務の遂行を妨げたとき。
（4） 監督官庁から営業許可の取消処分または停止処分を受けたとき。
（5） 社会的信用を失う具体的事実があったとき。
２．甲または乙は、相手方に対し次の各号について表明・保証するものとし、当該事項のいずれかに違反した
場合には、相手方に書面で通知することで何らの催促を要せず直ちに本契約及び個別契約を解除すること
が出来る。
（1） 自らが暴力団、暴力団員、暴力団準構成員、暴力団関係企業、総会屋又はこれらに準ずる者（以
下「反社会的勢力」という）でないこと、また過去においてなかったこと。
（2） 反社会的勢力を利用しないこと。
（3） 取締役、執行役および実質的に経営に関与する者が反社会的勢力でないこと、並びにそれらの者
が反社会的勢力と交際がないこと。
（4） 自らの財務および事業の方針の決定を支配する者が反社会的勢力でないこと。
３．甲または乙は、相手方と協議のうえ、本契約または個別契約の全部または一部を解除することができる。
このとき相手方に損害を与えた場合は、甲乙協議して決定する。
４．前各項に基づき甲が本契約または個別契約の全部または一部解除した場合において、甲が要求した場合に
は、乙は当該解除時点までに完成しもしくは仕掛中の納品物件を甲に納入する。なお、当該納品物件の対
価は、当該納品物件の完成割合、その時点で有する機能等を甲が評価して決定する。
５．前項に基づき納入された納品物件の権利の帰属については、第３１条の規定に準ずる。
（契約終了後の措置）第３５条
乙は、本契約または個別契約の全部または一部が解除され、もしくは期間満了その他の事由により終了した場
合、貸与品、支給品または仕様書等を直ちに甲に返還しなければならない。
（有効期間）第３６条
１．本契約の有効期間は、本契約締結の日より1年間とする。但し、期間満了3ケ月前までに甲乙いずれか一方
から相手方に対し何らの申し出がないときは、本契約は更に1年間継続とし、その後も同様とする。
２．本契約の失効時に存続中の本契約に基づく個別契約がある場合、本契約は当該個別契約の存続期間中有効
とする。
（旧契約の終了）第３７条
本契約締結をもって締結前に甲乙問にて締結された基本契約およびこれに類する契約は終了する。
（管轄裁判所）第３８条
本契約の準拠法は日本法とし、本契約に関する一切の紛争については、甲の本店所在地を管轄する裁判所を専
属合意管轄裁判所とする。
（協議事項）第３９条
本契約および個別契約に定めのない事項については、甲乙間で誠心誠意協議して速やかにこれらを決定する。
本契約の成立を証するため、本書2通を作成し、甲乙記名捺印のうえ、各1通を保有する。
年 月 日
甲
乙","低リスク"
"○○に関する
システム・エンジニアリング・サービス契約書
株式会社〇〇（以下「甲」という。）と株式会社○○(以下「乙」という。）は○○に係るシステム・エンジ
ニアリング・サービスに関し、次のとおり契約を締結する。
第１条（業務委託）
甲は、甲の業務遂行に係るシステム・エンジニアリング・サービス（以下「委託業務」という。）を乙
に委託し、乙はこれを受託する。
第２条（委託業務の内容）
１ 委託業務の内容は、別紙委託業務記載のとおりとする。
２ 乙は、善良な管理者の注意をもって、委託業務を誠実に履行する。
第３条（業務報告）
１ 乙は甲に対し、本契約有効期間中、委託業務として実施した各月の作業内容を作業報告書と
して翌月第１営業日までに文書で報告するものとする。
２ 前項の報告を受けたときは、甲は遅滞なくその内容を確認し、その結果を乙に通知するものと
する。
第４条（対価）
１ 甲は、乙に対し、委託業務の対価として、別紙記載の業務委託料（以下「業務委託料」という。）
を支払う。
２ 乙は、前条２項の通知を受領後、当該稼働月の翌月第５営業日までに甲宛の請求書を発行
し、甲は、乙に対し、当該稼働月の翌々月○日までに業務委託料を乙の指定する金融機関の口座
に振り込んで支払う。
第５条（業務推進体制）
１ 甲及び乙は、委託業務を円滑に実施するため、委託業務の担当者の中から実施責任者（以下
「実施責任者」という。）を定めるものとする。
２ 甲及び乙は、委託業務に関する相手方からの指示又は依頼等の受理、相手方への報告又は
要請その他委託業務に関連する事項の連絡又は確認については、原則として実施責任者を通じ
て行うものとする。
３ 前項の事項のほか、乙の実施責任者は、乙の委託業務の担当者に対する指示管理を行うもの
とする。
第６条（指揮命令）
１ 乙は、労働法規その他関係法令に基づき委託業務の担当者に対する雇用主としての一切の義
務を負うものとし、担当者に対する委託業務遂行に関する指示、労務管理、安全衛生管理等に関
する一切の指揮命令を行うものとする。
２ 乙は、委託業務遂行上、乙の担当者が甲の事業所等に立ち入る場合、甲の防犯、秩序維持等
に関する諸規則を当該業務従事者に遵守させるものとする。
第７条（作業実施場所等）
１ 委託業務の遂行上、甲の事業所等で乙が作業を行う必要がある場合、甲は当該作業実施場
所（当該作業実施場所における必要な機器、設備等の環境を含む。）を、別途定める提供条件に
従い、乙に提供する。
２ 乙は前項により提供された作業実施場所における安全・衛生等管理規定を遵守しなければな
らない。
３ 乙は第１項に基づき提供された機器、設備等を善良な管理者の注意をもって取り扱わなければ
ならない。
第８条（資料等の提供及び取扱い）
１ 乙から甲に対し、委託業務遂行に必要な資料等の提供の要請があった場合、甲乙協議の上、
甲は乙に対し、これらの提供を行う。
２ 乙は前項により提供された資料等（以下「原始資料」という。）を善良な管理者の注意をもって管
理、保管し、且つ、委託業務以外の用途に使用してはならない。
３ 乙は、委託業務の遂行に必要な最小限の部数を超えて、原始資料を複製してはならない。
４ 甲が文書により請求した場合には、乙は直ちに原始資料及びその複製物の全てを甲に対して
返却するものとする。
第９条（再委託）
１ 乙は、委託業務の全部又は一部を甲の事前の書面又はメール等の電子文書による承諾なくし
て第三者に再委託してはならない。
２ 前項の承諾を得て、乙が委託業務の全部又は一部を再委託する場合には、乙は当該再委託
先に対し、本契約により乙に課される義務と同等の義務を負わせるものとし、乙は当該再委託先
の行為を自己の行為と同視して全ての責任を負うものとする。
第１０条（情報セキュリティ基本契約の適用）
１ 乙は、本契約が、両当事者間の情報セキュリティ基本契約書（以下「情報セキュリティ基本契約
書」という。）の個別契約を構成することを確認する。
２ ただし、情報セキュリティ基本契約書第７条について、本契約の適用対象外とする。
３ 取引に関連して乙より甲に開示される個人情報の取扱に関して、甲は次の行為をしないことを
保証する。
(1)法令に定める場合を除き、乙の事前の承諾なく個人情報を第三者に提供し、又はその内容を
知らせること
(2)個人情報について本契約及び個別契約の範囲を超えて使用し、複製し、改ざんすること
４ 甲及び乙は、業務上知り得た個人情報の適切な取扱いのために個人情報の漏えい、盗難、滅
失、毀損、改ざん、本条の違反等（以下「事故」という。）の防止、その他の必要な措置を講じる。
５ 甲及び乙は、自己の役員及び従業員に対し在職中及び退職後においても個人情報を第三者
に提供し、また、本契約又は個別契約と異なる目的に利用してはならないこと等、個人情報の保
護に必要な事項を周知する。
６ 甲及び乙は、個人情報の事故が発生し、又は発生するおそれのある場合、直ちにその旨を相
手方に報告し、事故の原因を協議、調査し、損害の拡大防止に必要かつ適切な措置を講じる。
第１１条（著作権の帰属）
１ 委託業務の遂行の過程において乙が作成するドキュメント等その他一切の資料に係るすべて
の著作権（著作権法第２７条及び第２８条に規定する権利を含む。）その他の一切の権利は、甲に
帰属するものとする。万一、かかる資料に関する著作者人格権を乙が保有する場合であっても、
乙はかかる著作者人格権を、甲又はかかる資料に関して甲の許諾を受けた者に対し、一切行使
しないことを約束する。
２ 乙は、前項の資料を委託業務の遂行以外の目的で利用又は使用してはならないものとする。
また、乙は、第三者に対して前項の資料を提示、開示、引渡し等してはならず、また、利用もしくは
使用させてはならないものとする。
３ 本条による権利譲渡等の対価は業務委託料に含まれており、当該権利譲渡等に伴って業務委
託料とは別個の対価の支払い義務が甲に発生することはないものとする。
第１２条（特許権等の帰属）
１ 委託業務の遂行の過程で生じた発明、考案等（以下「発明等」という。）に係る特許権その他の
産業財産権（産業財産権を受ける権利を含む。）は、甲に帰属するものとする。
２ 前項の権利を甲に帰属させるため、乙は、自己の責任と費用負担において、発明等を行った者
との間で権利の承継その他必要な措置を講ずるものとする。
３ 本条による権利譲渡等の対価は業務委託料に含まれており、当該権利譲渡等に伴って業務委
託料とは別個の対価の支払い義務が甲に発生することはないものとする。
第１３条（契約期間）
１ 本契約の有効期間は、２０２５年○月○日から２０２５年○月○日までとし、契約期間の延長を要す
る場合、期間満了の1ヶ月前までに、契約内容を甲乙協議のうえ、別途覚書を締結し（覚書は甲
の判断によりメール等の電子文書にて代替できるものとする）、以後も同様とする。
２ 本契約が期間満了又は解除その他の事由により終了した場合であっても、第８条第２項から第
４項まで、第９条第２項、第１０条から第１２条まで及び第１５条から第１８条までの規定は、引き続
き効力を有する。
第１４条（引き抜きの禁止）
１ 甲および乙は、契約期間中および契約終了後1年間は、相手方の事前の文書による承諾な
く、相手方の人員または顧客を直接的または間接的に勧誘・業務の提示・雇用・契約してはなら
ない。
2 前項における「人員」には、相手方の役職員のみならず、独立の請負業者として相手方が雇用
し、本契約の過程において直接接触する個人または企業を含むものとする。
第１５条（解除）
１ 甲又は乙は、相手方に次の各号に該当する事由の一が生じたときは、何らの催告なくして直ち
に本契約を解除することができる。
(1) 本契約に違反し、相手方から相当の期間を定めた書面による催告を受けたにもかかわらず、
その期間内にかかる違反を是正しないとき
(2) 本契約を維持し難い重大な過失又は背信行為があったとき
(3) 乙が情報セキュリティ基本契約書に違反したとき
(4) 乙による委託業務の遂行が困難であると認められる相当の理由があるとき
(5) 支払停止に陥ったとき、その他財政状態が悪化し、又はその虞があると認められる相当の理
由があるとき
(6) 手形交換所の取引停止処分を受けたとき
(7) 仮差押、仮処分、又は差押の命令もしくは通知があったとき
(8) 破産手続開始、民事再生手続開始、会社更生手続開始又は特別清算開始の申立があったと
き
２ 甲又は乙は、前項各号のいずれかに該当したときは、当然に期限の利益を失い、相手方に対
して負担する一切の金銭債務を直ちに弁済するものとする。
３ 本条による解除は、当該解除の原因を生じせしめた相手方に対する損害賠償請求を妨げな
い。
第１６条（損害賠償）
甲又は乙は、相手方の契約違反その他相手方の責に帰すべき事由により損害を被ったときは、
相手方に対して当該損害の賠償を請求することができる。
第１７条（権利義務の譲渡禁止）
甲及び乙は、本契約により生じる権利又は義務を、相手方の事前の書面による承諾なくして、第
三者に譲渡若しくは承継させ、又は担保を設定してはならない。
第１８条（協議）
本契約に定めのない事項及び本契約の解釈に疑義が生じた事項については、甲乙誠意をもって
協議のうえ友好的に解決する。
第１９条（管轄）
本契約について訴訟の必要が生じた場合には、東京地方裁判所を第一審の専属管轄裁判所と
する。
第２０条（反社会的勢力ではないことの誓約等）
甲および乙は、本契約締結時に、次の各号に掲げるものが反社会的勢力（甲乙間で締結した「反
社会的勢力の排除に関する覚書」（以下「反社会的勢力の排除に関する覚書」という。）第２条に
規定する反社会的勢力をいう。）でないことを改めて誓約する。
本契約締結の証として、本書を電磁的に作成し、双方にて署名捺印又はこれに代わる電磁的処
理を施し、双方保管するものとする。
２０２５年○月○日
甲：
乙：
（別紙）
委託業務
（１）○○
（２）その他上記に付随する業務
1．作業実施場所
甲の指定する場所
2．業務委託料
甲の乙に対する業務委託料は、次のとおりとする。
(1) 業務委託料の月額は、次のとおりとする。
月額 金○,０００円（消費税相当額を除く。）
(2) 委託業務の開始日又は終了日が月の途中である場合、その月の業務委託料は次式により計
算された額とする。
業務委託料 × 当該月の委託業務実日数 ／ 当該月の甲の営業日数
(3) １ヶ月あたりの作業工数は１人月とする。
また１人月の算定基準は、次のとおりとする。
１人月＝当該作業月の合計作業時間 １４０時間から１８０時間まで
ただし、当該月の作業時間が１８０時間を超える場合又は１４０時間を下回る場合は、
次の算式による調整金額を委託料に加算又は減算する。
① １８０時間を超える場合の委託料
= 委託料単価＋{(当月作業時間-１８０時間)×(下表に定める調整金単価)}
② １４０時間を下回る場合の委託料
= 委託料単価－{(１４０時間-当月作業時間)×(下表に定める調整金単価)}
【調整金単価の計算基準表】作業時間 調整金単価 備 考
月額÷１８０時間で算出し、
１８０時間 １時間につき ○,○円 １０円未満切り捨て (１５分単位)
月額÷１４０時間で算出し、
１４０時間 １時間につき ○,○円 １０円未満切り捨て (１５分単位)
・契約期間の延長または途中解約＝1ヶ月前までにメールにて通知します。
※途中退場の場合は協議の上、決定させていただきます。","低リスク"
"業 務 委 託 基 本 契 約 書
株式会社〇〇(以下「甲」という) 株式会社⬜⬜(以下「乙」という)とは、甲の乙に対する業務委託に関し、こ
こに以下の通り基本契約を締結する（以下「本契約」という）。
第 1 条 (目的)
本契約の業務委託基本契約書に定める条項は甲乙間において、現在締結され、または将来締結されることの
ある第2条に定める業務に関する個別契約又は覚書等のすべてに共通に適用されるものとする。
第 2 条 (委託業務の範囲)
本契約の適用される業務の範囲は次に定める業務（以下「本件委託業務」という）とし、乙は専門的な技術
若しくは経験を有する技術者により本件委託業務を遂行するものとする。
1・システムコンサルティング業務 4・オペレーション及びデータ入力業務
2・システムプランニング業務 5・電子計算機要員の教育及び訓練業務
3・システム設計及びプログラム作成業務 6・前各号に付帯関連する一切の業務
第 3 条 (個別契約)
1. 甲及び乙は、個別業務に着手する前に、甲から乙に提示された提案依頼書及び乙から甲に提案した提案
書、見積書を基礎として、当該個別業務について以下の各号のうち必要となる取引条件を定め、書面に
より、個別契約を締結する。
① 具体的作業内容（範囲、仕様等）
② 契約類型（請負、準委任）
③ 作業期間又は納期
④ 作業スケジュール
⑤ 甲・乙の役割分担
⑥ 甲が乙に提供する情報、資料、機器、設備等
⑦ 作業環境
⑧ 乙が甲の委託に基づき作成し納入すべき物件の明細及び納入場所
⑨ 委託料及びその支払方法
⑩ 検査又は確認に関する事項
2. 甲及び乙は、作業スケジュールの進捗に支障を来すことのないように各個別契約の締結交渉に着手し、
可能な限り早期に合意に至ることのできるよう双方誠実に協議するものとする。
第 4 条 (契約期間)
1. 本契約の有効期間は、締結日から1年間とする。但し、甲乙いずれか一方より期間満了3ヶ月前までに文書
による別段の意思表示がない場合は、本契約は１年間延長されるものとし、以後も同様とする。
2. 個別契約の有効期間は各個別契約において定めるものとし、その定めのない個別契約の有効期間について
は前項によるものとする。
第 5 条 (業務委託料)
甲は乙に対し、本件委託業務について委託料を支払う。その金額及び支払方法については、別途個別契約又
は覚書等においてこれを定める。
第 6 条 (業務委託料の改訂)
本件委託業務の範囲、内容に変更があったとき、経済情勢の変動その他により契約時の諸条件等が著しく変
化した場合には、契約の更新に際し、第5条に定める委託料を、甲乙協議の上当該更新時より改訂することがで
きる。また、契約期間中であっても、同様の場合には、甲乙協議の上業務委託料を改訂することができる。
第 7 条 (善管注意義務並びに財政上、法律上の責任)
乙は善良な管理者の注意をもって誠実に本契約に基づく本件委託業務の遂行にあたるものとし、乙は本件委
託業務の遂行について、本件委託業務の範囲内における財政上及び法律上のすべての責任を負う。
第 8 条 (機密の保持等)
1. 乙は、業務上知り得た甲の営業上又は技術上の情報及び甲の取り扱う個人情報【機密保持協定書（2024年3
月8日締結）の第2条（定義）に準ずる】を他に漏洩してはならない。かつ機密情報漏洩の可能性を事前に排除す
るよう十分な注意を払わなければならない。
2. 乙は甲の業務に従事する乙の技術者等の身元に責任を負い、前項の機密情報保持に努めさせねばならな
い。
3. 乙は本契約終了後といえども公知となるまで、甲の機密情報を漏洩してはならない。
第 9 条 (知的財産権)
(1) 乙は、本件委託業務を遂行するにあたり、第三者の知的財産権を侵害しない様に最善の注意を払わな
ければならない。
(2) 乙は、第三者との間において、知的財産権の侵害等の紛争が生じたとき、またはそのおそれがあると
きは、その責任において当該紛争を解決するものとし、次の各号所定のすべての要件が充たされる場
合に限り、当該紛争により甲が被った損害を補償する。
1 甲が第三者から申立を受けた日から１４日以内に、乙に対し申立の事実及び内容を通知すること
2 甲が第三者との交渉又は訴訟の遂行に関し、乙に対して実質的な参加の機会及びすべてについての
決定権限を与え、並びに必要な援助をすること
3 甲の敗訴判決が確定すること又は乙が訴訟遂行以外の決定を行ったときは和解などにより確定的に
解決すること
第 10 条 (賠償責任)
次の各号においては、甲又は乙はその被った損害の賠償を請求することができる。
(1) 甲又は乙又は乙の関係者の故意又は過失により本件委託業務の処理を誤り、相手方の業務運営に支障
をきたしたとき。
(2) 甲又は乙又は乙の関係者の故意又は過失により相手方の機器等（ソフト・システムを含む）を破損し
たとき。
(3) 甲又は乙が正当な理由なくして本契約の履行を怠ったとき。
第 11 条 (非常時の協力義務)
乙が甲の本件委託業務を遂行中に、甲の事務所において火災等の非常事態が発生したときは、乙は甲に協力
して機器、資料等の損害を最小限度に止めるよう協力しなければならない。
第 12 条 (不可抗力)
地震・台風などの天災地変、戦争、暴動、内乱、テロリズム、重大な疫病、その他の不可抗力、法令の制
定・改廃・公権力による命令・処分、争議行為、輸送機関・通信回線等の事故、その他乙の責に帰することが
できない事由による本契約又は個別契約の全部又は一部（金銭債務を除く）の履行遅滞又は履行不能について
は、いずれの当事者も責任を負わないものとする。但し、当該事由により影響を受けた当事者は、当該事由の
発生を速やかに相手方に通知するとともに、その費用負担等につき協議の上、復旧するための最善の努力をす
るものとする。
第 13 条 (技術者の管理)
乙は本件委託業務を担当する乙の技術者の品位の保持に努めるとともに使用者としての責任を負う。また、
乙は乙の技術者が本契約に定める事項並びに職場秩序を遵守するよう指導監督し管理する義務を負うものとす
る。
第 14 条 (統括責任者)
1. 乙は、本件委託業務を担当するにあたり統括責任者を選任し書面でその旨甲に届出なければならない。
2. 統括責任者は、乙を代表して本件委託業務の作業要領と作業計画につき甲と打合せをするものとする。
3. 統括責任者は、作業要領と作業計画に基づき、本件委託業務を担当する乙の技術者の労働時間・休憩時
間・休日・労働時間の延長・服務上の規律の遵守・担当業務等を統括し、指揮監督するものとする。
4. 甲は乙に対し、甲が統括責任者の技術的能力が統括能力に欠けると判断した場合は、統括責任者の交代を
求めることができる。
第 15 条 (保証期間)
本件委託業務の内容又は本件委託業務による完成品について、業務の完了又は完成品の引渡し後12ヶ月間は
保証期間とする。この期間内においては本契約の終了後といえども、甲は乙に対して、次の各号に該当する場
合には、修正若しくは損害賠償を請求することができる。
(1) 業務内容又は完成品が甲の委託内容若しくは初期の目的に則していない場合。
(2) 論理誤り若しくは著しい効率不良が発見された場合。
第 16 条 (権利の帰属)
1. 本件業務委託の履行により、甲の貸与または支給した物品、および作業の結果として納品された納品物件
についての権利は、乙又は第三者が従前から保有していた著作物の著作権を除き、原則として甲に帰属す
る。ただし、甲又は乙の技術者の発明、考案にかかる工業所有権および著作についての著作権について
は、当該発明、考案および著作をなした技術者の属する甲又は乙に帰属するものとする。
2. 乙は甲に対し、本契約の期間中又は本契約の終了後において、前項に基づく工業所有権を甲が業務上使用
するのに必要な範囲について、当該工業所有権の通常実施権を許諾する。
また、個別契約において一定の第三者に使用させる旨の約定がある場合は、個別契約に従った第三者による当該工
業所有権の使用についても同様とする。
なお、係る許諾の対価は、本件委託業務の委託料に含まれるものとする。
3. 甲は、納品物件のうち、プログラムの複製物を著作権法４７条の３に従って自己利用に必要な範囲で、複
製、翻案することができる。乙は、係る利用について著作者人格権を行使しないものとする。
また、当該プログラム複製物を個別契約において一定の第三者に使用させる旨の約定がある場合は、当該第三者は
自己利用に必要な範囲で、複製、翻案することができるし、乙は、係る利用について著作者人格権を行使
しないものとする。
第 17 条 (解除)
1. 本契約に基づく個別契約期間中であっても、甲乙いずれか一方が相手方に少なくとも1ヶ月の予告期間を
設けて文書で通告することにより本契約及び当該個別契約等を解除することができる。
2. 一方の当事者につぎの事由があった場合は、一方当事者が他方当事者に文書により催告したのち、14日
間以内に是正されなかった場合には本契約及び個別契約等を解除することができる。
1 一方の当事者の故意又は過失により、他方の当事者に損害を与えたとき。
2 一方の当事者が正当な理由なく本契約又は個別契約の履行を怠ったとき。
3．甲又は乙は、相手方に次の各号のいずれかに該当する事由が生じた場合には、何らの催告なしに直ちに本契
約及び個別契約の全部又は一部を解除することができ、当該相手方は残存債務の全てにつき期限の利益を喪
失する。
① 第2項第1号・第2号以上の重大な過失又は背信行為があった場合
② 支払いの停止があった場合、又は仮差押、差押、競売、破産手続開始、民事再生手続開始、会社更
生手続開始、特別清算開始の申立があった場合
③ 手形交換所の取引停止処分を受けた場合
4 公租公課の滞納処分を受けた場合
5 その他前各号に準ずるような本契約又は個別契約を継続し難い重大な事由が発生した場合
6 別途、反社会的勢力排除に関する覚書（2024年3月8日締結）の規定に違反した時。
4．甲又は乙は、相手方が本契約又は個別契約のいずれかの条項に違反し、相当期間を定めてなした催告後
も、相手方の債務不履行が是正されない場合は、本契約及び個別契約の全部又は一部を解除することがで
きる。
5．甲又は乙は、第１項各号のいずれかに該当する場合又は前項に定める解除がなされた場合、相手方 に
対し負担する一切の金銭債務につき相手方から通知催告がなくとも当然に期限の利益を喪失し、直ちに弁済
しなければならない。
6．甲又は乙は第3項第6号の理由により契約解除を行った場合、相手方に対し一切の損害賠償義務を負担しな
い。但し、解除権を行使した甲又は乙の相手方に対する損害賠償の請求は妨げないものとする。
第 18 条 (債権譲渡の禁止)
乙は甲の書面による承諾なくして、本契約およびこれに基づく個別契約によりまたはこれらに関連して発生
する一切の甲に対する債権を第三者に譲渡しまたは担保の目的に供してはならない。
第 19 条 (管轄裁判所)
本契約から生ずる甲乙間の争いについては、名古屋地方裁判所を管轄裁判所とする。
第 20 条 (契約に定めなき事項)
本契約の基本契約書若しくは個別契約書又は覚書等に定めなき事項及び解釈の疑義については、法令の規定
並びに一般慣行に従うほか、甲乙誠意をもって協議解決をはかるものとする。
本契約の成立を証するため、本書2通を作成し、甲・乙双方記名捺印の上、各1通を保存する。
2024年3月8日
甲 ：
乙 ：","低リスク"
"業務委託基本契約書
株式会社〇〇（以下「甲」という）を委託者、«会社名»（以下「乙」という）を受託者として、甲乙間に
おいて次のとおり業務委託基本契約（以下「本契約」という）を締結する。
本契約の成立を証するため、本電子契約書ファイルを作成し、それぞれ電子署名を行う。なお、
本契約においては、電子データである本電子契約書ファイルを原本とし、同ファイルを印刷した文
書はその写しとする。
«送付日»
甲：
乙：
第１条（目的）
本契約は、甲乙間の業務委託に関する基本的事項を定めるものである。
２．甲乙間で別に締結される個々の取引に関する契約（以下「個別契約」という）は本契約に
基づいて締結される。ただし、個別契約において本契約と異なる規定を設けた場合、個別
契約の規定が優先する。
第２条（業務委託の範囲）
甲は、次に定める範囲内で具体的な業務を乙に委託する。
（１）電子計算機利用にかかわる提案およびシステム開発に関する業務
（２）甲の指定した業務に関するシステム設計、プログラム作成に関する業務
（３）電子計算機システムの運用に関する業務
（４）その他前各号に付帯関連する一切の業務
第３条（個別契約）
前条の委託に当たっては、甲乙間で具体的な委託業務の内容、範囲、成果物の内容及びそ
の引渡期限・方法、納入場所、委託料の金額及び支払方法、その他契約を遂行するに必
要な条件等の詳細を、別途個別契約をもって定めるものとする。
２．個別契約の成立は、次のいずれかによる。
（１）甲が注文書を乙に交付し、乙が注文請書を甲に提出したとき
（２）甲及び乙が前号以外の書面または双方が合意した方法による電磁的措置（以下、電磁的
措置）により個別契約を締結したとき
第４条（個別契約の変更）
個別契約の内容の変更は、甲乙間の書面または電磁的措置による合意により成立する。
第５条（納品・技術役務の提供）
個別契約がシステム開発、システム設計、プログラム作成等による成果物（以下「成果物等」と
いう）の納入を目的とするときは、乙は、納品書を添えて個別契約あるいは注文書に基づき
納品しなければならない。
ただし、納期が甲乙いずれかの休業日にあたるときは、その直前の両者の共通の営業日を
もって納期とする。
２．個別契約が、技術役務の提供にかかる業務（以下「技術業務」という）の遂行を目的とすると
きは、乙は、甲が指定する期間（以下「業務期間」という）、甲の指定する場所において、甲
の指定する業務を遂行するために必要な役務を提供するものとする。
第６条（要員の交替）
乙は、前条第２項の技術業務の遂行に関して、要員を交替する必要が生じたときは、交替時
期の一定期間前に甲への届け出および承認をもって、これを行うことができる。届け出る時
期については、第３条の個別契約あるいは注文書により定める。
２．ただし、要員の事故等不可抗力により要員を交替せざるを得ない場合は、前項の規定に
かかわらず一定期間をおくことなく要員の交替ができる。
３．甲は技術業務の遂行に関して乙が提供した要員が、当該業務の遂行あるいは作業場所
における秩序を乱した場合はその交替を乙に対して求めることができる。
第７条（納期等の変更）
乙は、次の各号にあたる場合は、甲に対して納期及び受託料金の変更を求めることができ
る。変更内容については、甲乙協議し文書をもって定める。
（１）甲が第10条に規定する設備使用及び貸与品の提供を怠り又は遅延したこと により、
本件業務の進捗に著しく支障をきたした場合
（２）甲の本件業務の依頼内容に変更があり、本件業務の遂行に著しく支障が生じた場
合
（３）天災その他不可抗力等、乙の責に帰すべき以外の理由により、納期内に履行の見込みが
なくなった場合
２．乙は、納期までに成果物等を甲に納入することができないとき、または作業期間内に乙の
都合により技術業務を中止するときは、事前にその事由及び納入予定日または中止予定
日を甲に申し出て、甲の指示を受けなければならない。
第８条（成果物等の検収検査）
甲は、乙より成果物等の納入があった場合は、甲の定める検査方法により納入後30日以内に
検査を行い、合格した成果物等の「検収書」を乙に対して発行する。
２．前項の検査の結果、不合格とされた成果物等について乙は甲の指示に従い再作成等の
作業を実施し、改めて甲の検収検査を受けなければならない。
３．前項の検査期間内に甲から乙に通知がなされないときは、当該成果物等が前項所定の検
査に合格したものとみなす。甲が正当な理由なく成果物等の受領を拒否し、乙が甲へ当該
成果物等を納入した日から前項の期間を経過したときも同様とする。
第９条（業務完了検査）
乙は、技術業務の提供が完了した場合直ちに「作業実績報告書」を甲に提出し、甲は「作業
実績報告書」の受領後10日以内に、甲の定める検査方法により検査を実施し、乙に
対して検査完了を通知する。
第10条（設備使用、貸与品）
乙は、受託業務の遂行に際して、甲の電子計算機等の機械設備並びに作業場所の使
用を必要とする場合は、予め甲の承諾を得るとともに甲の管理基準に従わなければ
ならない。
２．甲が乙に貸与する設備、備品、技術資料等の「貸与品」の使用に関して、乙は乙
の技術者に対し善良な管理者の注意をもって使用、保管させるものとし、甲の書面
または電磁的措置による承諾がない限り他の目的に転用し、または第三者に貸与、
閲覧等をさせてはならない。
当該乙の技術者が故意又は過失により貸与品の修理、調整の必要を惹起させた場合
は乙はこれに要した費用を甲に賠償しなければならない。
第11条（報告）
乙は、甲の要求のあるときは受託業務について、甲に工程計画書の提出及び進捗状
況の報告を行い、また、工程遅延のおそれのあるときは、速やかにその理由及び対
策を甲に提出しなければならない。
２．乙に不測の事態が生じ、受託業務の遂行が不可能となり、或いは重大な支障をき
たすことになると判明したときは、乙は直ちに甲に報告し、甲と協議のうえ適切な
処置を講じなければならない。
第12条（損害賠償）
甲は、乙が本契約に関し、乙の責に帰すべき事由により個別契約上の甲又は第三者
に損害を与えた場合には、乙に対し損害賠償を請求することができるものとする。
２．具体的な賠償方法については別途甲乙協議して定める。
第13条（権利の帰属）
本契約に基づく成果物等の著作権は、甲が対価を完済したときをもって、乙から甲
に移転される。
第14条（機密保持）
甲乙は、本契約及び個別契約の履行に際して知り得た相手方の技術・営業上の機密情報を
秘密に保持し、本契約および個別契約の履行中は勿論のこと、契約終了後も第三者に対
して開示しないものとする。ただし、甲乙に起因しない理由により公知となった技術・営業情
報はこの限りでないものとする。
２．前項の違反により損害を被った場合、相手方に対してその損害につき賠償を請求すること
ができるものとする。
第15条（再委託）
乙は各個別契約の内容により業務の全部又は一部を第三者に再委託することがあ
る。ただし、再委託をする場合は事前に書面または電磁的措置により甲の承諾を得
るものとする。
２．前項の場合といえども、乙は本契約及び個別契約に定める債務及び義務を免れな
い。
第16条（債権譲渡の禁止）
甲乙は、相手方の書面または電磁的措置による事前の承諾なしに、本契約上の地位
及び本契約から生じる債務を第三者に譲渡してはならない。
第17条（契約不適合責任）
乙が成果物を甲に引渡した検収終了後１年以内に発見された不具合、過誤等の不適
合については、乙は、無償でこれを修正するものとする。但し、その不適合が乙の
責に帰すべからざる事由によるものである場合、乙は甲の要求に従いこれを有償で
修正するものとする。
第18条（災害補償）
乙は、技術業務の遂行における乙の業務上の災害補償を、乙の付保する保険の範囲
内で行うものとする。
第19条（苦情等の処理）
甲は、乙から技術業務の就業に関して苦情等の申し出があったときは、速やかに乙
と協議して迅速かつ適切な処理を図るものとする。
第20条（契約の解除）
甲乙は、相手方が次の各号の１つに該当する場合、何らの催告を要せず直ちに本契約な
いし個別契約の全部または一部を将来に向かって解除することができる。
（１）本契約ないし個別契約の規定に違反し、その違反が重大なとき
（２）支払いの停止または仮差押、差押、競売、破産手続開始、民事再生手続開始、会社
更生手続開始、特別清算開始等の各申立があったとき
（３）甲乙いずれかの責めに帰すべき事由により委託業務が著しく遅延し、または不能
になったとき
（４）相手方の債務不履行について、相当の期間を定めて催告したが是正されないとき
２．甲は、乙が次の各号の１つに該当する場合、何らの催告を要せず直ちに本契約ないし個別
契約の全部または一部を将来に向かって解除することができる。
（１）正当な理由なくして業務の実施を放棄し、または業務の実施を休止したとき
（２）乙の責めに帰すべき事由により、業務が所定の完工期日までに完成の見込みがな
いと認められるに至ったとき
３．前１、２項の解除は相手方に対する損害賠償の請求を妨げない。
第21条（契約終了後の措置）
前条による本契約ないし個別契約の全部または一部の解除、もしくは契約期間の満
了等により契約が終了した場合、相手方からの貸与品は速やかに返還するものとす
る。
第22条（契約期間）
本契約は、締結の日から起算して満１年間を有効とし、期間満了１ヶ月前までに甲
乙いずれからも書面または電磁的措置による契約満了の意志表示がなされないとき
は、本契約は引き続き１年間更新されたものとし、その後も同様とする。
第23条（契約の改定）
本契約は、甲乙いずれかが正当または合理的な理由に基づいて改定を申し出たとき
は、契約期間内といえども甲乙の合意により改定することができるものとする。
第24条（協議事項）
本契約に規定のない事項および本契約の条項について両当事者に紛争または疑義が
生じたときは、その都度甲、乙協議のうえ相互理解のもとに誠意をもって解決を図
るものとする。
第25条（管轄裁判所）
本契約に関する一切の訴訟については、東京地方裁判所を第一審の管轄裁判所とする。
第26条（反社会的勢力の排除）
甲乙は、それぞれ相手方に対し、以下の事項を確約する。
（1） 自らが、暴力団、暴力団員、暴力団員でなくなった時から５年を経過しない者、
暴力団準構成員、暴力団関係企業、総会屋、社会運動等標榜ゴロ、特殊知能暴力集団
その他これらに準ずる者（以下総称して「反社会的勢力」という。）ではないこと
（2） 自らが反社会的勢力と次の関係を有していないこと
1 自ら若しくは第三者の不正の利益を図り、又は第三者に損害を与える目的をもって
反社会的勢力を利用していると認められる関係
2 反社会的勢力に対して資金等を提供し、又は便宜を供与するなど反社会的勢力の
維持、運営に協力し、又は関与している関係
3 反社会的勢力に実質的に支配を受け又は関与されている関係
（3） 自らの役員（取締役、執行役、会長その他名称の如何を問わず、経営に実質的
に関与している者をいう。）及び従業員も前２号を順守し、反社会的勢力と社会的に不
適切な関係を有しないこと
（4） 反社会的勢力に自己の名義を利用させて本契約を締結するものではないこと
（5） 自ら又は第三者を利用して本契約に関して以下の行為をしないこと
1 暴力的な要求行為
2 法的な責任を超えた不当な要求行為
3 取引に関して、脅迫的な言動をし、又は暴力を用いる行為
4 風説を流布し、偽計又は威力を用いて相手方の業務を妨害し、又は信用を毀損
する行為
5 その他前各号に準ずる行為
２．甲乙の一方について、次のいずれかに該当した場合には、その相手方は、何らの催告を要
せずして、本契約を解除することができる。
1 前項（１）ないし（３）の確約に反していることが判明した場合
2 前項（４）の確約に反し契約をしたことが判明した場合
3 前項（５）の確約に反した行為をした場合
３．前項の規定により契約が解除された場合は、解除された者は、その相手方に対し、相手方
の被った損害を賠償するものとする。
４．第２項の規定により本契約が解除された場合には、解除された者は、解除により生じる損
害について、その相手方に対し一切の請求を行わない。
第27条（契約の効力発生日）
本契約は、契約締結日にかかわらず、«契約開始日（遡及）»より遡及的に効力を有
するものとする。（以下余白）","低リスク"
"業務委託基本契約書
株式会社〇〇(以下「甲」という。)と株式会社△△(以下「乙」という。)とは、乙による甲に対する 業務委託に関し、
以下のとおり契約(以下「本契約」という。)を締結する。
第1条(目的)
本契約は、乙の顧客(以下「丙」という。)から受託するコンサルティング、ソフトウェア開発及びハード ウェ
ア開
発等の業務の全部又は一部の業務(以下「本件業務」と総称する。)を甲に委託する取引に関する基本的事 項を
定めることを目的とする。但し、覚書等において、本契約の一部の適用を排除し、又は本契約と異な る定めをし
た場合には覚書の定めが優先するものとする。
第2条(契約の期間)
第1項 本契約は、2024年12月1日から2025年11月30日まで有効に存続するものとする。 第2項 期間満了1ヶ
月前までに、乙又は甲のいずれかから契約を延長しない旨の書面による申し出があっ た場合を除き、
本契約は、自動的に1ヶ年間延長されるものとし、その後も同様とする。 第3条(本件業務内容及び取引条件
の成立)
第1項 乙は、本件業務を委託するに際し、本契約書の別紙に本件業務の内容及び取引条件等を定めてこ れ
を甲に送付するものとし、甲が記名押印した本契約書を乙に送付した時点で、本契約が成立するものと
する。
第2項 甲は、締結済みの本契約の履行に際し、本契約で定められた本件業務と異なる業務の提供が必要
となると判断した場合、乙に対し、当該本件業務の進捗に合わせて適切な時期に、追加で提供が必要とな
る業務の内容及び取引条件等を提示するものとし、乙及び甲は、当該追加業務の内容及び取引条件等を
誠 実に協議し、速やかに追加の覚書等を締結するように努める。
第3項 本条第1項の別紙の送付及び甲の記名押印は、乙の指定する電子契約サービスにて代替できる
もの とする。
第4条(業務委託料)
1. 乙は、甲に対し、本件業務の対価として、本契約で定める業務委託料に消費税等を加算した額(但 し、乙に
おいて法令に基づき必要となる源泉所得税を控除した額)を、請求締日(毎月月末とする。 以下同し
゙。)の属する月の翌々月末までに、甲が次項の請求書において指定する銀行口座に振り 込む
方法により支払うものとする。
2. 甲は、以下に定める要件を満たした場合、乙に対し、請求書を発行する。但し乙が甲に対し支 払通知書を
発行する場合はこの限りではない。
業務委託型の業務であり、業務委託料が甲による役務の提供をもって発生する場合、役務の提
供がなされ、乙による作業完了の承認が得られること。
3. 前2項の規定にかかわらず、乙による甲に対する本件業務の委託に関し下請法が適用される場 合、乙
は甲に対し、本件業務の対価として、本契約で定める業務委託料に消費税等を加算した 額を、甲
が役務の提供をした日から起算して60日後の日又は請求締日の属する月の翌々月10日 のいす
゙れか早い日に、甲が前項の請求書において指定する銀行口座に振り込む方法により支払 うも
のとする。
4. 本件業務に係る交通費、宿泊費等の経費は、原則として甲の負担とする。
5. 乙が事前に書面にて承諾した定めに基づき乙が経費を負担する場合、甲は第2項に基づき発行す
る請求書に経費を記載のうえ、乙に対し当該経費の証憑を提出するものとし、乙は当該経費を
当該請求書に係る業務委託料に合算して支払うものとする。
6. 本件業務の内容が変更された場合、又は経済情勢その他の諸条件の著しい変動があった場合、 甲
乙協議のうえ、業務委託料を改定するものとする。
第5条(業務の履行)
第1項 甲は、本契約及び本件業務の目的及び趣旨並びに一般的な商慣習及び法規に従い、善良な
管理者 の注意をもって、自己の責任において忠実に本件業務を履行するものとする。
第2項 甲は、本件業務の履行にあたり関係諸法令を遵守するとともに、事業主として、財務上、法律上の すべ
ての責任を負うものとする。
第3項 甲は、本件業務の実施場所における施設管理上の諸規則に従うものとする。 第4項 甲は、乙と協議のう
え、本件業務の作業スケジュールを策定するものとし、また、乙の要求がある 場合、本件業務の作業計画書
を乙に提出し、乙の承諾を得なければならない。
第6条(業務場所)
第1項 甲は、本件業務を本契約において乙が指定する場所において履行するものとする。但し、乙の承諾 か
゙ある場合はこの限りでない。
第2項 甲は、乙又は丙の管理する場所において本件業務を行う場合、当該場所の安全衛生及び秩序維持並
びに情報管理の徹底に努めるものとする。
第3項 甲は、乙又は丙の管理する場所において本件業務を行う場合、トイレ、食堂及び指定場所への移 動
通路等以外の場所に立入らないものとする。但し、乙又は丙の承諾がある場合はこの限りでない。
第7条(作業報告)
第1項 甲は、乙からの求めがあった場合、本件業務の進捗状況、その他乙が指定した事項を記載した業
務報告書を作成のうえ、乙の指定した期日までに乙に提出しなければならない。
第2項 乙は、甲の本件業務の作業場所に乙の指定する者を派遣して本件業務の進捗状況の確認を行うこと か
゙できるものとする。
第3項 甲は、本契約が準委任型である場合、本契約の存続中、毎暦月又は本契約に定める締切日とその
直 前の締切日までの期間に係る、作業内容及び作業時間数を記載した業務報告書を作成のうえ、本契約に
定 める日までに提出するものとする。
第4項 乙は、甲から第1項及び第3項に基づく業務報告書を受領した場合、遅滞なくその内容を確認する も
のとし、その内容が妥当でないと判断した場合、甲に業務報告書を再度提出させることができるものと
する。
第5項 乙は、甲からの業務報告書を確認し、業務の品質改善が必要であると判断した場合、甲に対し、
相当の期間を定めて業務の品質改善を求めることができるものとし、また、合理的に必要と判断した場
合、本件業務のやり直し、又は業務委託料の減額を求めることができる。
第6項 甲は、乙から業務の品質改善を求められた場合、遅滞なく乙からの求めに応じて業務の品質改善 を
行うものとし、その改善状況、結果等を乙に報告をしなければならない。
第7項 甲は、乙より第5項に基づいて本件業務のやり直しを求められた場合、本件業務の目的及び趣旨に
合致するよう、甲の費用と責任において、本件業務をやり直すものとする。
第8項 甲は、乙より第5項に基づく業務委託料の減額を求められた場合、業務の品質又は成果について 乙は、
同種事業を行う事業主において一般的に妥当と認められる水準に照らし、何ら問題が存存しないこ とを
合理的な根拠をもって示せる場合に限り、乙が求める減額に応じなければならない。 第8
条(担当者の選任、変更)
第1項 甲は、本件業務に関し、その履行に十分なスキル及び能力を有する業務責任者、主任担当者、業務 従
事者 (以下「責任者等」という。)をそれぞれ選任しなければならない。なお、これらの者は同一人が兼 ねる
ことができるものとし、甲が個人の場合には、甲がすべての地位を兼ねるものとする。
第2項 前項に基づき選任される業務責任者は、以下の事項を行いその責任を負うものとする。 1
従業員等への指示管理
2 本件業務に関する乙への報告及び通知
3 機密情報の管理
4 身分証明書の常時携帯及び乙又は丙より要望があった場合の提示
5 甲が個人の場合は、乙の税務に係る業務のためのマイナンバー等の必要な情報の乙へ提示
第3項 甲は、責任者等の選任に際し、これらの者の氏名、甲における所属部署、役職及び本件業務にお ける
役割並びに本件業務の履行のための体制図を、乙に書面により通知し、乙の書面による承諾を得なけ れば
ならない。なお、甲は、責任者等を複数選任する場合、それぞれの者が主として担当する事項をあわ せて書
面にて通知し、乙の書面による承諾を得るものとする。
第4項 乙は、甲の選任する責任者等が本件業務の履行に適任かどうかを選任の前後にかかわらず評価・
検 討することができるものとし、甲による本件業務の履行状況が当初予定していた作業水準に達していな
い 等の合理的な事由がある場合、甲に対し、是正策を講じるよう要請することができるものとする。ま
た、 乙は、甲の責任者等が本件業務の履行に不適任であると判断する場合、選任の前後にかかわらず、
甲に対 し、これらの者の交代を要請することができ、甲は、正当な理由なく当該要請を拒めないものとする。
第5項 甲の責任者等が、疾病、退職その他の事由により、本件業務の履行のために必要な役割を遂行で き
ない場合、甲は、速やかに新たな責任者等を選任し、本件業務の履行に支障をきたすことがないよう努 めるも
のとする。
第6項 甲は、責任者等を変更しようとする場合、事前に書面により乙に通知するものとし、その後の選 任手続
きについては第3項を準用するものとする。
第9条(指揮命令等)
第1項 本件業務の履行に携わる業務従事者に対する指示、労働時間、安全衛生等に関する一切の指揮命 令
は、その作業場所にかかわらず、甲が行うものとする(但し、甲が個人の場合には、これらの事項は、自 己
の判断において決定するものとする)。
第2項 甲は、本件業務の履行に際し乙の指示が必要な場合、乙が決定する方法に従い、その指示を仰く
゙ ものとする。
第3項 乙は、乙が指定する場所において甲に本件業務を履行させる場合、業務従事者の安全衛生の確保の
ために適切な措置を講じるものとする。但し、当該業務場所が、丙の管理する場所である場合、乙は、丙
をして業務従事者の安全衛生の確保のために適切な措置を講じるよう努めれば足りるものとする。 第4項 乙
は、本件業務の履行に関する指図等を甲又は甲の選任する責任者に対して行うものとし、業務従 事者に対し、
直接行わないものとする。
第5項 甲は、丙が業務従事者に対し、直接本件業務の履行に関する指図等を行う場合、乙に対し、丙に よる
当該指図等が中止されるよう要求することができるものとし、乙は、丙が当該指図等を中止するよう 努
めるものとする。
第10条(緊急措置)
第1項 甲は、乙の指図等に疑義が生じた場合、又は本件業務の履行に伴い緊急に乙の指示を受けるへ
゙き 事態が発生した場合、直ちに乙に連絡しその指示を受けるものとする。
第2項 甲は、前項の指示を受けることができず適宜の応急措置をとった場合、直ちに乙にその措置及
び 結果を報告するものとする。
第11条(再委託)
第1項 甲は、乙の書面による事前の承諾のない限り、本件業務の全部又は一部を第三者に再委託してはな らな
い。この承諾があった場合であっても、甲は、再委託先にさらに別の第三者に本件業務の再委託をさ せては
ならない。
第2項 甲は、本件業務を第三者に再委託しようとする場合、事前に再委託させる業務の範囲、再委託先の 名称
及び業務履歴その他乙の指定する必要事項を書面により乙に通知し、乙の書面による承諾を得るもの とす
る。
第3項 甲は、前2項に基づき再委託を行う場合、再委託先に対し、本契約に定める甲の義務を遵守させる も
のとする。
第4項 甲は、本条項に基づき再委託を行う場合であっても、本契約に定める義務を免れないものとし、再 委
託先の本件業務の提供に基づき乙に損害が生じた場合、甲は、乙に対し、再委託先と連帯して、当該損
害を賠償する責を負うものとする。
第12条(資料等)
第1項 甲は、本件業務の履行に必要な資料、設備及び備品並びにコンピュータ及びソフトウェアその他
の 機器類等(以下「資料等」という。)を自ら用意のうえ、乙または丙の定める情報セキュリティルールを遵 守し、
本件業務を履行するものとする。但し、乙は、乙が必要と認めた場合、甲に対し、本件業務の履行 のために必
要な資料等を貸与し、又は丙をして貸与させるものとし、かかる場合、甲は、貸与された資料 等のみを使用して本
件業務を履行するものとする。
第2項 前項の貸与は原則として無償とする。但し、乙が合理的な根拠に基づき有償とする必要があると判
断した場合、乙及び甲は、協議のうえ、その代金を決定する。
第3項 甲は、乙より資料等の貸与を受けた場合、自らの責任において、貸与に係る資料等の受入検査及び 検
収を行うものとする。この場合、乙は、甲が実施する受入検査について、甲と協議のうえ、検査項目及 び検
査方法等を決定することができる。
第4項 前項の受入検査及び検収の結果、貸与に係る資料等に不良又は数量の過不足があった場合、甲
は 直ちに乙に通知し、その指示を受けるものとする。
第5項 甲は貸与に係る資料等を善良なる管理者の注意をもって管理するとともに、乙の許可なく貸与され た用途
目的以外に使用してはならず、また、第三者に対し、閲覧、貸与、売却又は担保提供等の処分をし てはならな
い。
第6項 本契約が終了した場合、又は乙が返還を請求した場合、甲は、貸与に係る資料等の使用を中止し、
乙の指示に従い、直ちにこれを乙に返還し、又は削除、廃棄若しくは復元不能な方法により抹消する。 第7項 貸
与に係る資料等が滅失、毀損又は変質した場合、甲は、直ちにその旨を乙に連絡するものとす る。また、乙の
責に帰すことのできない事由により滅失、毀損又は変質した場合、甲は、甲の帰責事由の 有無にかかわらす
゙、甲の費用と責任においてこれを修理又は購入して原状に復するものとし、かつ、乙に その他の損害が生し
゙た場合、その損害を賠償しなければならない。
第13条(権利の帰属)
第1項 本契約に基づき作成された成果物(準委任型の本契約における報告書等の一切並びに中間成果物
及 び未完成の成果物を含む。以下「成果物等」という。)に係る所有権及び著作権(著作権法第27条及び
第28 条に定める権利を含むがこれに限られない。)は、甲又は第三者が従前から保有していた部分を除き、
成 果物の提供と同時に乙に帰属するものとする。甲は、自ら又は甲の従業員若しくは委託先をして、乙並び
に丙及び丙が指定する者に対し、著作権に係る著作者人格権を行使せず又は行使させないものとする。
第2項 甲は、乙の求めがあった場合、成果物等を直ちに乙に引渡さなければならない。
第3項 本件業務の履行過程で生じる、著作権(著作権法第27条及び第28条に定める権利を含むがこれ
に限 らない。)、特許権その他の知的財産権(特許権その他の知的財産権を受ける権利を含む。)、営業秘密及ひ
゙ ノウハウ等に関する権利(以下、著作権、特許権その他の知的財産権、ノウハウ等に関する権利を総称して
「知的財産権」という。)は、本契約において別段の定めをする場合を除き、成果物の提供と同時に乙に 帰属す
るものとし、知的財産権が法令により甲に原始的に帰属する場合には、甲は当該知的財産権を乙に 移転する
ものとする。
第4項 知的財産権が、法令、就業規則及び契約等により原始的に甲の従業員又は甲の委託先に帰属する
とされる場合、甲は、その従業員又は委託先から当該知的財産権の譲渡を受け、無償で、この権利を乙に 移
転させるものとする。
第5項 甲は、甲が本件業務と何ら関係無く既に保有し又は許諾権を有する知的財産権が本件業務の履行
過程又は成果物として発生する知的財産権の一部を構成する場合、当該既保有の知的財産権について、乙 又
は丙が通常実施し又は第三者へ実施許諾等することを、無期限かつ無償で許諾するものとする。
第6項 甲は、第1項及び第4項の定めを履行するため、甲の従業員又は委託先との間で契約を締結する等
の必要な措置をとるものとし、乙の要求がある場合、乙に対し、当該措置を取ったことを証明しなければ なら
ない。
第7項 甲は、本件業務を履行するために不可欠の場合又は乙の許諾を得た場合を除き、第7条に基づく報 告
書及び成果物等を本件業務の実施場所以外に持ち出さず、また他に流用しないものとする。 第8項 甲は、
本条に基づき乙に帰属することとなった知的財産権並びに成果物等に係る所有権及び著作 権につい
て、本件業務の履行のために使用する場合を除き、乙からの承諾を得ることなく、甲の事業のた めに使用でき
ないものとする。
第9項 本条の規定は、本契約終了後も有効に存続するものとする。
第14条(本契約に係る業務の完了)
第1項 甲は、本件業務に係る作業が完了した場合、乙に対し、2営業日以内に業務報告書を提出するもの と
し、乙は、これを受領後、1ヶ月以内に当該作業完了報告書を確認するものとする。甲は、当該業務報 告書の内
容につき乙から問合せがあった場合、遅滞なく回答しなければならない。
第2項 乙は、前項に基づく業務報告書の確認を、乙による当該業務報告書の提出までに乙及び甲が
協議 のうえ定める基準に基づき行うものとする。この基準の決定にあたっては本件業務における成果物等及
び その品質を考慮するものとする。
第3項 本契約において業務委託料が作業期間に応じて発生するものと定められた場合、本件業務は、本契
約に定められた作業期間の満了をもって完了するものとする。
第4項 本契約において業務委託料が甲の役務の提供をもって発生するものと定められた場合、本件業務
は、乙が第2項に基づく業務報告書を承認したときに完了するものとする。
第15条(成果物等の管理及び危険の負担)
本契約に係る成果物等又は作業結果から生じる一切の責任は、本件業務の完了前は甲が負担するものと
し、本件業務の完了後は乙が負担するものとする。但し、本件業務の完了後であっても、当該責任が、甲
による本契約における本件業務の履行がその専門家として一般的に妥当と認められる水準に満たなかった こ
とに起因する場合、及び甲において乙が当該成果物等を明らかに不適当な方法で使用しようとしている
ことを認識していたにもかかわらず本件業務の専門家として適正な提案をしなかったことに起因する場合 は、
この限りでない。
第16条(保証条項)
第1項 甲は、本件業務の履行に際し、適用される法規制を遵守するものとし、甲による適用法規の違反 に起因
する一切の責任を負い、乙がこれにより損害を被った場合、乙の一切の損害(弁護士費用を含む。) を賠償す
るものとする。
第2項 甲は、甲が乙に対し申告する自ら又は甲が選任する責任者等の学歴、職歴及び資格等の経歴
が真 実に相違ないことを保証する。
第3項 甲は、本件業務を履行するに際し、第三者の権利を侵害しないものとする。 第4項 甲は、乙又は丙が
成果物等を使用することにより第三者から訴訟、差止め又はクレーム等を受け た場合、甲の費用と責任におい
てこれに対応するものとし、また、乙又は丙にこれにより損害が生じた場 合、甲はこれを本契約における乙
から甲へ支払う業務委託料を上限として賠償するものとする。但し甲の 故意または重過失による場合はこの限り
でない。
第5項 甲は、第三者からの訴訟、差止め又はクレーム等の結果、乙又は丙が成果物等を使用できなくなっ
た場合又は使用できなくなるおそれがある場合、乙と協議のうえ、甲の費用と責任において、乙又は丙が
引き続き当該成果物等を使用できるよう、適切な措置を講じるものとする。
第6項 乙は、第三者から訴訟、差止め及びクレーム等があった場合、甲に速やかに通知するものとし、
甲の対応に適宜可能な範囲において協力をするものとする。
第7項 甲は、第三者の保有に係るプログラム及びシステム等を成果物等を構成する一部として用いる場
合、甲の費用と責任において当該第三者との間で当該プログラム及びシステム等に関するライセンス契
約 及び保守契約を締結する等、乙又は丙が成果物等を使用するにあたり支障のないよう必要な措置を講し
゙る ものとする。
第8項 甲は、フリーウェアのソフトウェア及びオープンソースソフトウェアを成果物等を構成する一部と して
用いる場合には、前項に基づく措置を講じるほか、事前に乙に対して当該ソフトウェアを必要とする 理由、そ
の使用条件及び使用に係るリスクについて説明のうえ、乙の承諾を得なければならない。但し、 乙の承諾
は、当該ソフトウェアの使用に基づき乙又は丙に損害生じた場合において甲を免責するものでは なく、当
該ソフトウェアの瑕疵又は権利侵害により、乙又は丙に損害が生じた場合、甲はこれを賠償する ものとす
る。
第9項 甲は、成果物等を構成するソフトウェア及び乙又は丙のネットワークと接続するコンピュータに、 コン
ピュータウィルスを含む悪質なコードを持ち込んではならず、また、それらが乙又は丙のコンピュー
タ又はそれらの接続するネットワークに混入しないよう最大限の注意をし、適切かつ合理的な措置を講じ るも
のとする。
第10項 甲は、成果物等が本契約の趣旨に適合する品質を備えていること、説明書、仕様書、マニュアル、 関
連データシート、その他両者が合意した基準に従って稼働し、これらの仕様に適合していることを乙に よる
検収日から1年間保証する。但し、乙又は丙が甲の許可なく成果物等に変更を加えたことによる不適 合に関し
てはこの限りでない。
第11項 本条の規定は、本契約終了後も有効に存続するものとする。
第17条(禁止事項)
第1項 甲は、乙の事前の書面による承諾のない限り、本契約の有効期間中及び本契約終了後3年が経過す
るまでの間、自ら又は甲の役職員若しくは甲の関連会社等(法人、組合、個人事業その他形態の如何を問 わ
ず、また甲と資本関係がある組織に限られず、甲と実質的に同視できる組織、甲及び甲の代表者か
゙実質 的に支配する組織を含む。以下、本条において同じ。)をして、本契約に基づき乙が甲に委託する
本件業務 と、乙が甲に委託する業務の案件関係者(丙ならびに丙の顧客の案件関係者)からの案件の業務
(以下「案件 業務」)および乙が甲に先だって紹介する丙からの案件業務を、丙又は丙の関係会社に提供
する行為、並 びに丙及び丙の関係会社並びにそれらの役職員に対する案件業務の提供に係る営業行為
を行ってはならず 又は行わせてはならない。また、甲は、丙若しくは丙の関係会社又はそれらの役職員より案
件業務の提供 の打診・提案を受けた場合、直ちにその旨を乙に報告するものとする。
第2項 甲は、乙に対し、甲による本件業務の履行状況、作業内容その他これに関連する事項について常に 明ら
かにし、何事も秘匿しないものとする。
第3項 甲は、客観的か主観的かを問わず、乙に甲との信頼関係について重大な疑念を生じさせるような行
為をしないものとする。
第4項 甲は、乙の事前の書面による承諾のない限り、本契約の有効期間中及び本契約終了後1年が経過
す るまでの間、直接、間接を問わず、本件業務に関わった乙の役職員及び乙の関連会社の役職員並ひ
゙に本契 約に関して甲が接触する乙の関係者と、業務委託契約、雇用契約その他これに類する契約を締結し
又は締 結を試みてはならない。
第5項 甲は、乙の書面による事前の承諾のない限り、直接、間接を問わず、本件業務の遂行を自己の業績 又
は職歴として公表してはならない。但し、甲は、乙との協議の上、乙または丙の機密情報に当たらない 文言等に
変更した場合(顧客名、プロジェクト名、業務名、システム名など個別名称を記載せず、個別の顧 客、フ
゚ロジェクト、業務、システム等を特定できないように記載する等)はこの限りでない。
第6項 甲は、本条第1項乃至第3項の定めの一又は第11条第1項の定めに違反した場合、当該本件業務に関 し
乙が甲に支払った業務委託料の全てを、乙の求めに応じて直ちに乙に返還しなければならない。なお、 こ
の場合でも第24条に定める乙の解除権は消滅せず、また、乙が甲に対し損害賠償請求等をすること(次項
に定める支払い義務を含むがこれに限られない。)を妨げない。
第7項 甲若しくは甲の関連会社等又はそれらの役職員が、本条第1項の定めに違反して、丙又は丙の関係 会
社から、案件業務の提供に係る対価を受領した場合、甲は、当該丙又は丙の関係会社から受領した対価 の全て
を、乙の求めに応じて直ちに乙に支払わなければならない。なお、この場合でも第24条に定める乙 の解除
権は消滅せず、また、乙が甲に対し損害賠償請求等をすること(前項に定める返還義務を含むがこれ に限
られない。)を妨げない。
第8項 甲は、第4項の定めに違反した場合、乙に対し、当該人員に提示又は支払うことを約した報酬額を 1年分
に換算した金額のうち最も高い金額を違約金として支払うものとする。なお、この場合でも第24条 に定める乙
の解除権は消滅せず、また、乙が本契約に基づき損害賠償請求等をすることを妨げない。
第18条(ソーシャルメディアに関する遵守事項)
第1項 甲は、ソーシャルメディア等(ツイッター・フェイスブック・LINE・YouTube・5ちゃんねる等)の利 用につ
いて、次の事項を守らなければならない。
1 乙及び丙の商号や業態、ブランド名が識別できる書き込みをしないこと
2 乙及び丙の社員個人(有期雇用契約者・業務委託者等の関係者を含む)が識別できる書き込みをしな
いこ と
3 乙及び丙の商品情報、売上や人事に関する社内情報、取引先情報、顧客情報等についての書き込みを し
ないこと
4 乙及び丙やその社員、取引先客個人を誹謗中傷した書き込みをしないこと
5 乙及び丙のロゴマークや商品の画像•映像の掲載をしないこと
6 既に本条に該当する書き込みを行っている場合は、すみやかに削除すること
第2項 第1項に挙げる書き込みおよび掲載とは、文書のほか、画像や動画・音声等の送信•発信の一切を含
む ものとする。
第19条(電子メール・パソコン等のモニタリング)
乙は必要に応じて、その理由を明示の上、乙又は丙のアドレスに限らず、乙又は丙が甲へ貸与した携
帯電 話、パソコン、その他情報関連機器を利用するすべての電子メールの内容、および相手先の検査、
その他 パソコン等の閲覧内容の検査を行うことがある。この場合、甲はこの検査を拒むことができな
い。
第20条(従業員に対する責任)
第1項 甲(但し、甲が法人の場合に限る。以下、本条各項につき同じ。)は、雇用者及び使用者として、労
働基準法、労働安全衛生法、労働者災害補償法、職業安定法その他の適用ある全ての社会保険諸法令に基 つ
゙く自己の従業員に対する責任をすべて負うものとし、責任を持って労務管理するものとする。 第2項 甲は、本
件業務の処理に従事する自己の従業員の教育指導に万全を期し、風紀の維持に責任を負 い、秩序ある業務処
理に努め、乙の信用を維持し、乙及び丙等に迷惑をかけないものとする。
第21条(機密の保持)
第1項 甲は、本件業務の履行に際し知った乙、丙及び丙の顧客に関する情報及び業務上の情報(以下「機
密情報」という。)を、善良なる管理者の注意をもって保持し、本件業務の履行のみに使用するものとし、 事前に
乙、丙又は丙の顧客の書面による承諾のない限り、直接、間接を問わず、第三者に開示、提供又は 漏洩して
はならない。但し、機密情報が以下の各号にあたる場合はこの限りでない。
1 知った時点で、既に公知であった情報及びその後に自己の責に帰すことない事由により公知となった
情 報。
2 知った時点で、既に自己が保有していたことを証明できる情報。
3 本件業務以外で自己が独自に開発したことを証明できる情報。
4 自己が第三者から機密保持義務を負うことなく適法に入手した情報。
第2項 甲は、第8条に基づき選任する甲の業務責任者、主任担当者及び業務従事者をして、前項に定める
甲の義務を遵守することを、乙が指定する書面により誓約させるものとする。
第3項 甲は、第1項の甲の義務を遵守するために必要な措置を講じなければならない。 第4項 甲は、機密
情報につき、公的機関から法令に基づき開示を要請された場合、次の各号の措置を講 じることを条件とし
て当該機密情報の全部又は一部を当該公的機関に対して開示することができるものと する。
1 開示先、開示の目的及び開示を求められた範囲等を速やかに乙に通知すること。 2 公的機関の要請の目
的を達成するために必要な開示の範囲について、乙と協議すること。 3 開示に際し、その内容が機密情報て
゙ある旨を公的機関に対し明らかにし、当該開示先において機密情報 として扱われるよう合理的な配慮を尽く
すこと。
第5項 甲は、本件業務の履行に際し個人情報を取得した場合、当該個人情報を個人情報保護法及び関係
諸法令を遵守して取り扱うものとする。
第6項 甲は、本件業務が完了した場合又は乙から求めがあった場合、乙の定める期日までに機密情報
が 記載又は記録等された媒体(複製物がある場合は当該複製物を含む。)を乙の指示に従い完全に廃棄、
返却 又は消去するものとする。
第7項 甲は、本契約に違反して機密情報が本件業務以外の目的のために使用された場合、第三者に開示、
漏洩又は盗用された場合及び紛失した場合並びにこれらの恐れが生じた場合、当該事象の判明後直
ちにそ の被害拡大、被害発生を防止するために必要な措置を講じるものとし、当該事象の発生及びその状
況を速
やかに乙に報告するものとする。この場合において、乙から甲に対し対応策等の指示がある場合、甲は、 こ
れに従うものとする。
第8項 本条の規定は、本契約締結前に開示した機密情報についても適用する。
第9項 本条の規定は、本契約終了後も5年間、有効に存続するものとする。
第22条(損害賠償)
第1項 甲又は乙は、本契約の履行に関し、一方の責めに帰すべき事由により損害を被った場合、一方に対
し、乙が甲へ支払う業務委託料を上限として当該損害の賠償を請求することができる。但し故意または重
過失による場合はこの限りでない。
第2項 前項に基づき、一方に対して損害賠償の責を負う場合、乙は、本契約に基づくいかなる支払いも停
止することができるものとする。
第23条(契約内容の変更)
第1項 本契約は、乙及び甲合意のうえ、乙及び甲双方の記名押印のある書面をもってのみ変更できるも
の とする。
第2項 乙は、本契約の変更が合理的に必要な場合において、乙及び甲間において変更の合意ができ
ない場 合、本契約を終了させることができる。
第24条(契約の解除等)
第1項 乙又は甲は、一方に次の各号に掲げる事由の一つが生じた場合、何らの催告なく本契約を解除
す ることができる。
1 本件業務の履行に関して重大な過失又は背信行為があった場合
2 支払いの停止があった場合又は仮差押、差押、競売手続開始、破産手続開始、民事再生手続開始、会社
更生手続開始若しくは特別清算開始の申立てがあった場合
3 手形交換所の取引停止処分を受けた場合
4 公租公課の滞納処分を受けた場合
5 第11条及び第17条並びに第18条の規定に違反した場合
6 その他相互の信頼関係を著しく損なう等、取引の継続が困難となる重大な事由が認められた場合 第2項
乙又は甲は、一方が本契約のいずれかの条項に違反し、相当期間を定めて催告した後も、一方がこ れを
是正しない場合、本契約を解除することができる。
第3項 乙又は甲は、一方において、第三者との合併、その営業の全部又は重要な一部の第三者への譲渡若 しく
は賃貸借又は経営陣交代若しくは経営の委任、その他乙及び甲間における本件業務の履行に関する信 頼関
係が損なわれたと合理的に判断しうる事由が発生した場合、本契約を解除することができる。但し、 本
件業務の履行が可能である場合には、この限りではない。
第4項 甲が法人の場合において、本契約の期間中、本件業務に従事する甲の従業員が本件業務に従事て
゙き ない事由が生じ、甲が7日以内に乙が相当と認める代替の従業員を本件業務に従事させることか
゙できない 場合、乙は、本契約の全部又は一部を解除することができる。また、甲が個人の場合におい
て、甲に本件 業務に従事できない事由が生じ、7日以内に本件業務に復することができない場合、乙
は本契約を解除す ることができる。
第5項 乙又は甲は、事前に協議のうえで合意することにより、いつでも本契約を終了させることがで
き る。
第6項 乙は、第2条の規定及び別紙に定める作業期間にかかわらず、甲に30日前までに書面による通
知を し、本契約を解約することができる。
第7項 甲は、本契約が終了する場合、終了時点において存在する成果物等を、その完成か未完成かを問わ
ず乙に引渡すものとする。当該成果物等に対しても第13条、第14条及び第16条の定めが適用されるもの
と する。
第8項 前項の規定に基づき甲が乙に終了時点において存在する成果物等を引き渡した場合、甲は、乙に対
し、その引渡しをもって当該成果物等に対する対価を請求できるものとする。当該対価の金額及び支払方 法
は契約の終了時に乙及び甲協議のうえ、決定するものとする。但し、当該成果物等が不可分のものであ
り、かつ、当該成果物等を乙又は丙が使用することで利益を得られない場合又は本契約の終了が甲の責
に
帰すべき事由による場合、甲は、乙に対し、当該成果物等を無償で引き渡すものとして、何らの金銭的請 求
をしないものとする。
第9項 本条に基づき本契約が終了した場合においても、本契約の終了前に締結された甲乙間で締結され
た 契約で有効に存続するものがある場合、当該契約が終了するまで引き続き本契約が有効に存続
するものと して本契約の各条項が適用されるものとする。
第25条(通知事項) 乙又は甲は、次の各号(但し、甲が個人である場合には第1号及び第3号)の一に該当
する 事由が生じる場合、相手 方に対し、事前に書面による通知をしなければならない。 1 商号、所在
地、電話番号及びFAX番号の変更
2 代表者の変更
3 合併又は解散
4 その他営業又は資産状態に著しい変動をきたし又はきたすおそれがある場合
第26条(権利義務の譲渡等の禁止)
乙及び甲は、相手方の書面による事前の承諾のない限り、本契約上の地位を第三者に承継させてはなら す
゙、また、本契約から生じる権利義務の全部又は一部を第三者に譲渡し、引き受けさせ又は担保に供して は
ならないものとする。
第27条(名刺等の使用)
第1項 乙は、本件業務を円滑に遂行するため、甲が第8条に基づき選任する責任者等に乙の名刺、メール
アカウント及び協力会社要員証等(以下「名刺等」という。)の使用を許可することができる。甲は乙に許 可
された範囲及び方法で名刺等を使用しなければならない。この場合、名刺等の使用期間は、乙が使用
を 許可した時から本件業務の完了時までとする。但し、乙は、甲に対し、その許可した使用期間内において
も、名刺等の使用を中止するよう求めることができるものとする。
第2項 名刺等の使用期間が終了した場合又は乙が甲に対しその使用の中止を求めた場合、甲は、責任
者 等をして直ちに名刺等の使用を停止させ、残存している名刺等及びメールデータを乙に返却させるもの
と し、乙は、使用許可を与えていたすべてのメールアカウントを削除するものとする。
第3項 甲は、責任者等が変更された場合又は責任者等の肩書が変更された場合、乙に対し、直ちに当該
変更内容を記載した書面を提出しなければならないものとする。
第4項 甲は、乙から許可された名刺等の使用に関し、以下の事項を責任者等をして遵守させるものとす る。
1 本件業務の遂行のためにのみ名刺等を使用し、かつ当該名刺等を善良なる管理者の注意をもって、厳重 に
保全・管理すること。
2 乙の信用を重んじ、乙の不利益となる一切の行為をしないこと。
第5項 乙の名刺等の使用に関連して、甲又は責任者等が、自らの責に帰すべき事由により乙に損害を与え
た場合、甲は、乙に対し、当該損害の賠償責任を負うものとする。
第28条(反社会的勢力の排除等)
第1項 甲は、次の各号に掲げる事項を保証する。
1 自らが、暴力団、暴力団関係企業、組織的に犯罪を行う団体、暴力主義的破壊活動を行う団体又はこれ ら
に準ずるもの(以下「反社会的勢力」という。)に該当しないこと。
2 自らの役職員及び関係者が、反社会的勢力に該当しないこと。
3 自らの役職員及び関係者が、本契約の履行にあたり、著しく粗野な又は乱暴な言動を用いて不当な要求
を行わないこと。
4 自ら又は自らの役職員及び関係者が、反社会的勢力に対する資金提供その他の行為を行うことを通し
゙ て、意図して反社会的勢力の維持又は運営に協力していないこと。
5 その知る限りにおいて、自らの特別利害関係者(役員及びその配偶者、並びにこれらの者が発行済株式
総 数の過半数を所有する会社)が前各号に反しないこと。
第2項 乙は、甲が前項に違反した場合、本契約を直ちに解除することができるものとし、本条に基づく
解 除により甲に損害が発生した場合であっても、乙は当該損害を賠償する責任を負わないものとする。
第3項 乙は、甲が前項に違反したことに起因して損害を被った場合甲に対し、当該損害の賠償を請求する こ
とが できる。
第29条(協議事項)
本契約に定めのない事項が問題となり、又は本契約に定められた事項に関して疑義が生じた場合、乙及
び 甲は、誠意をもって協議し、これを解決するものとする。
第30条(準拠法及び専属的合意管轄)
本契約は、日本法を準拠法とし、本契約に関する一切の紛争は、東京簡易裁判所又は東京地方裁判所を 第
一審の専属的合意管轄裁判所とする。
令和年月日
甲)
印
乙)","低リスク"
"業務委託基本契約書
〇〇株式会社（以下「甲」という）と株式会社⬜⬜（以下「乙」という）とは、 以
下のとおり業務委託基本契約（以下「本契約」という）を締結する。
第1条 （本契約の目的）
1. 甲は乙に対し、システムの開発およびこれらに付帯する業務等（以下「本件業務」とい
う） を乙に委託し、乙はこれを受託して遂行する。
2. 本件業務の詳細は、個別契約にて都度、定めるものとする。
第2条 （本契約の適用）
本契約は、乙が受託するシステムの開発等の業務委託に関する個別契約のすべてに
適用されるものとする。
第3条 （個別契約の締結）
1. 甲および乙は、本契約に基づき、各個別業務毎に個別契約を締結するものとする。個
別契約は、委託する本件業務の詳細、納入物件、業務委託代金、納期、支払条件そ
の 他甲乙が必要と認める事項を定めるものとする。また、個別契約書で本契約と異な
る定 めをする場合には甲乙にて文書による事前協議を実施することとし、また原則と
して個 別契約が本契約に優先するものとする。
2. 個別契約は、甲が甲所定もしくは甲が認める乙所定の注文書により乙に対して本件
業 務の遂行を発注し、乙がこれを請書その他の書面で承諾したとき、または別途甲
乙間で 個別契約書を取り交わしたときに成立するものとする。
3. 個別契約は甲乙協議の上、内容を変更することができる。
4. 振込手数料は、個別契約の締結により甲の負担とする。
第4条 （報告書の提出）
甲は、本件業務の内容により、必要と判断した場合には、本件業務の遂行方法およ
び 業務遂行内容の詳細について、報告書の提出を乙に要求できるものとする。
第5条 （資料、機器および事務所の使用）
1. 甲は、乙が本件業務遂行に必要な範囲で、事務所ならびに業務遂行に必要な各種
資 料、機器、および什器、備品資材（以下、「機器類」という）で甲の指示によるもの、
また は甲が必要と認めたものは、乙の請求により、貸与するものとする。また、乙が甲
の事務 所で作業を行う場合は、これに伴う光熱費は甲が負担するものとする。
2. 乙は、前項に基づき甲より貸与された機器類については、善良な管理者の注意をもって
取扱うとともに、個別契約の履行のためにのみ使用するものとし、また、複製してはな
ら ないものとする。万一、乙が貸与資料を汚損、破損または紛失したときは、乙は甲
の指 示に従い損害賠償の責を負うものとする。ただし、乙の責に帰することのできな
い事 由による場合は除く。
3. 乙は、本件業務が完了したとき、または甲が返還を要求したときは、直ちに貸与資料
を 甲に返還するものとする。個別契約が解除その他により終了したときも、同様とする。
4. 前項において生ずる一切の費用は原則として乙の負担とする。但し、費用の全部もし
く は一部について、甲乙協議の上、改定することができる。
第6条 （納入および検収）
1. 乙は、個別契約に定める条件に従い、納入物件を納入する。
2. 納期までに納入物件を納入することが困難であると乙が判断した場合は、事前に甲に
書面で通知し、甲の指示に従うものとする。
3. 甲は、納入物件受領後 1 箇月以内に検査を行い、その結果を乙に通知する。 4. 前
項に定める検査の結果、不具合箇所が判明した場合は、甲は当該不具合箇所を乙 に
通知するものとし、乙は速やかに納入物件を引き取り、速やかに当該不具合箇所を修
正して再度甲の検査を受けるものとする。かかる甲の再検査についても、前項の定めが
適用される。なお、乙は、再検査に合格した場合にも、当初の納期に対する遅滞の責は
免れない。不合格となった原因が甲の責に起因する場合、乙は、甲の要請に基づき有
償で成果物の修補又は代替物との交換を行うものとし、甲は本項により修補された 成
果物又は交換された代替物の検査を、第１項に準じて行うものとする。期日は甲 乙協
議の上定めるものとする。
5. 本条に定める甲の検査合格または甲が納入物件を受領後 1 箇月以内に何らかの通
知 もしなかった場合はその期間経過をもって、納入物件の引渡しが完了したものとす
る。
第7条 （危険負担および所有権の移転）
納入物件に関する危険負担および所有権およびその他一切の権利は、納入物件の
引 渡完了をもって、乙から甲に移転する。
第8条 （契約不適合責任）
1. 本件業務の成果物につき、 種類または品質に関して契約の内容に適合しないこと
（以下、「契約不適合」という） が明らかになり、 成果物の検収後１年以内に甲
が 乙に対してその旨を通知したときは、 乙は自己の責任と費用により、すみやか
にそ の契約不適合について補修を行うものとする。ただし、甲は、甲の与えた指図
によ って生じた不適合を理由として、補修の請求をすることができない。
2. 契約不適合の補修または取替えを行った部分の契約不適合責任は、これらの措置が
完了した時点から 1 年とする。
3. 甲が、自ら乙の責に帰すべき事由に基づく契約不適合を補修し、または当該契約不
適合に起因して損害を被った場合（甲の顧客が当該契約不適合に基づく損害を甲に
対 し請求する場合を含む）には、乙は、甲が負担した契約不適合補修の費用及び甲が被
った損害のうち、相当な因果関係が認められる範囲においてこれを賠償する。
第9条 （著作権）
1. 本件業務の過程で乙が甲のために作成した著作物（次項の既存資料を除く）は、法
人 著作物としてその全ての権利が独占的に甲に帰属する。かかる著作物が法律上、
甲の 法人著作物とみなされない場合には、乙はかかる著作物の著作権（日本国にお
いては 著作権法第 27 条および第 28 条に規定される権利を含む）を甲に譲渡する。
2. 乙は甲に対し、自己が専有する権利または他に使用許諾する権利を有する納入物件
と しての既存資料について、全世界にわたる非独占的、永続的、取消不能かつ支払
済み の以下の権利を許諾する。
（1） 既存資料の二次的著作物を作成し、または自らのためにこれを他に作成させる
権 利。
（2） 既存資料またはその二次的著作物を使用し、使用させ、実行し、複製し、送信
し、 展示し、上映し、上演・演奏し、譲渡または貸与し、頒布し、他に再使用許
諾し、そ の他可能な形式で利用する権利。
（3） 前各号で許諾された権利を第三者に許諾する権利。
3. 乙は、前二項の各著作物に関する著作者人格権について、自ら行使せず、また、何
者 も行使しないことを保証する。
4. 乙は、本件業務を遂行する目的以外に、納入物件（前項に規定する既存資料を除
く。） に基づき二次的著作物を作成し、または納入物件およびその二次的著作物を複
製その 他の形式で利用し、他に利用させるいかなる権利も与えられない。 ただし、納
入物件に 含まれ、単独では機能し得ないが他のプログラムと組み合わせて稼動する
汎用性のある ルーチン、モジュール、関数、クラス等のプログラム構成部品、および資
料等における汎 用的な表現については、乙は、本条第 2 項で甲が許諾されるのと同
等の使用権を有す るものとする。なお、アイコン、フォント、映像、スクリーン・イメージ、
キャラクター等の絵画、
グラフィックス、音声、音楽、その他の視聴覚著作物およびデータについてはかかるプ
ロ グラム構成部品や表現とはなり得ない。
第10条 （特許権等）
1. 本件業務の過程で生じた発明その他の知的財産またはノウハウ等（以下あわせて「発
明 等」という）に係る特許権その他の知的財産権（特許権その他の知的財産権を受け
る権 利を含む。ただし、著作権は除く。）、ノウハウ等に関する権利（以下、特許権そ
の他の 知的財産権、ノウハウ等に関する権利を総称して「特許権等」という。）は、当
該発明等を 行った者が属する当事者に帰属する。
2. 甲および乙が共同で行った発明等から生じた特許権等については、甲および乙の共
有 （持分は貢献度に応じて定める。）とする。この場合、甲および乙は、共有に係る特
許権
等につき、それぞれ相手方の同意および相手方への対価の支払いなしに自ら実施で
き るものとする。但し、第三者に対して通常実施権を実施許諾する場合には、相手方
の同 意を得るものとする。なお、その対価について協議するものとする。
3. 乙は、第１項に基づき特許権等を有することとなる場合、甲に対し、甲が本契約および
個別契約に基づき納入物件を使用するのに必要な範囲について、当該特許権等の
通 常実施権を許諾する。なお、納入物件に、個別契約において一定の第三者に使
用せし める旨を個別契約の目的として特掲した上で開発されたソフトウェア等が含ま
れている 場合は、当該個別契約に従った第三者による当該ソフトウェア等の使用に
ついても同様 とする。係る許諾の対価は、個別契約に定める業務委託代金に含まれ
るものとする。
4. 甲および乙は、第 2 項、第 3 項に基づき相手方と共有し、または相手方に通常実施
権を 許諾する特許権等について、必要となる職務発明の承継手続（職務発明規程の
整備等 の職務発明制度の適切な運用、譲渡手続など）を履践するものとする。
第11条 （権利の保証および補償）
1. 乙は、本件業務および納入物件が第三者のプライバシーや知的財産権、その他の権
利 を侵害していないことを保証する。
2. 本件業務または納入物件が第三者のプライバシーや知的財産権、その他の権利を侵
害しているとして甲、甲の関係者、甲の関連会社または顧客に対し、クレーム、訴訟提
起その他の請求がされた場合、乙は自己の費用でこれを防御しまたは甲の選択によ
り 防御に参加し、解決し、すべての損害（弁護士費用も含む）を補償する。かかる請
求が 現になされ、またはそのおそれがある場合には、乙は、以下の救済手段のうちい
ずれか を自らの費用で実行するものとする。（ⅰ）甲、甲の関係者、甲の関連会社ま
たは顧客の ために、本件業務および納入物件を本契約に従って引き続き使用、販
売、使用許諾す る権利を取得する、（ⅱ）本件業務および納入物件を、権利侵害とな
らず、本契約に適 合するものに変更する、（ⅲ）本件業務および納入物件または他の
影響が及んだ本件 業務または納入物件を、本契約に適合し、知的財産権を侵害しな
いものと交換する、ま たは（ⅳ）甲の請求に応じて、権利侵害となる本件業務の取り消
しおよび権利侵害となる 納入物件の返品を受け入れ、支払済の全額を返金する。
3. 本件業務または納入物件が第三者の知的財産権を侵害しているとして請求がなされ
た 場合でも、以下のいずれかに該当する場合には、乙は甲、甲の関係者、甲の関連
会社 および顧客に対して前項の補償義務を負わない。
（1） 権利侵害が、甲、甲の関係者、甲の関連会社および顧客により本件業務または
納 入物件を他の製品やサービスと組み合わせたことに起因し、かつかかる組み
合わ せについて乙が予見できない場合で、かつ、予見できないことに合理性が
あるとき
（2） 甲による設計に基づき乙が作成したとき（ただし、かかる設計が権利侵害を生ず
る 可能性があることを乙が知って甲に告げなかったか、重大な過失により知らな
かっ た場合には、この限りでない。）
（3） 権利侵害が、甲、甲の関係者、甲の関連会社または顧客による納入物件の変更
に起因するとき（ただし、かかる変更が権利侵害を生ずる可能性があることを乙
が 知って甲に告げなかったか、重大な過失により知らなかった場合には、この
限りで ない。）
第12条 （機密保持）
1. 本件業務に関連し、甲から乙に開示する機密情報または個人情報の取り扱いについ
て は、本契約別紙の機密保持規定に従って取り扱われるものとする。
2. 本件業務に関連し、乙が甲に提供する乙の従業員または他の法人に関する業務上
の 個人情報については、乙がかかる従業員または他の法人から、かかる個人情報を
甲に 開示すること、および甲がそれを本件業務に関連して使用することができること
の同意を 取得しているものとする。
第13条 （再委託)
1. 乙は、原則として、本件業務を自ら実施するものとし、甲の書面による事前の承諾ない
限り、本件業務の全部または一部を第三者に再委託してはならない。ここでいう再委
託 とは、乙からの直接の再委託業務（一次再委託）を表す他、当該再委託先から更
に第三 者への業務委託を行う再々委託（二次再委託）以降の委託行為を含むものと
し、再委託 先にはかかる委託先すべてを含むものとする。
2. 前項により、甲の承諾を得た場合といえども、乙は、本契約および個別契約上の義務
を 免れるものではなく、また再委託先に対してもこれらの義務を遵守させるとともに、
その 履行に関し全責任を負うものとする。
3. 乙は再委託先を選定する際、最大限の注意を持って当該再委託先の健全性、信頼
性、 技術力等を総合的に判断するものとし、公序良俗に反する会社・団体もしくはそ
の会 社・団体と密接な関係にある会社・団体を再委託先に選定してはならない。
第14条 （譲渡禁止）
乙は、甲の書面による事前の承諾なしに、本契約に基づく権利または義務の全部ま
た は一部を第三者に譲渡し、担保に供し、または承継させてはならない。
第15条 （損害賠償）
1. 甲または乙（第13条の再委託先を含む）は本契約および個別契約に定める条項に違
反 することにより相手方に損害を与えた場合、その損害を賠償する責を負う。 2. 甲乙双
方とも、相手方の責に帰すべき事由により自らの情報が第三者に漏洩して生じた 損害に
ついて、賠償を求めることができるものとし、その詳細は、別途協議して取り決め るものと
する。
第16条 （非常時・不測の事態の際の協力義務）
1. 乙が本件業務を遂行中に、火災等の非常事態が発生した際は、乙は甲に協力して乙の
使用する機器類等の損害を最小限度に止めるよう努力しなければならない。 2. 乙に
不測の事態が発生し、本件業務の遂行が不可能になったときには、乙は直ちに甲 に報
告するとともに、適切な措置を講じ、甲の業務に支障をきたさないよう努力をしなけ れば
ならない。
第17条 （進捗報告会）
1. 甲および乙は、本件業務が終了するまでの間、その進捗状況の報告、問題点の協
議・ 解決その他本件業務が円滑に遂行するため必要な事項を協議するため定期的
に進捗 報告会を開催するものとし、決定された事項について、これに従わなければな
らない。な お、開催の頻度については甲乙にて別途協議の上定めるものとする。
2. 進捗報告会には甲乙双方の責任者および甲乙双方の関係者が出席するものとする。
3. 甲および乙は、進捗報告会の議事内容、決定事項について議事録もしくはそれに代
わ る資料を作成し、記録に残すとともに双方保有する。
第18条 （契約解除）
1. 甲または乙は、相手方が次の各号のひとつに該当した場合は、本契約および個別契
約 の全部または一部を解除することができるものとする。
（1） 相手方が振り出した手形、もしくは小切手が不渡り、または金融機関からの取引
停 止の処分を受けた場合。
（2） 監督官庁より営業の取消・停止等の処分を受けた場合。
（3） 第三者より仮差押・差押・仮処分・強制執行等を受け、契約の履行が困難と認め
ら れる場合。
（4） 破産の申立、特別清算開始の申立、民事再生手続開始の申立または会社更生
手続開始の申立があった場合。
（5） 暴力団、暴力団員、暴力団員でなくなった時から５年を経過しない者、暴力団準
構成員、暴力団関係企業、総会屋等、社会運動等標ぼうゴロ又は特殊知能暴
力 集団等、その他これらに準ずる者である場合、または、主要な株主にもしくは
出資 者に含まれる場合。
（6） 自らまたは第三者を利用して、暴力的な要求行為、法的責任を超えた不当な要
求行為、取引に関する脅迫的な言動又は暴力行為、及び風説の流布または偽
計・威力による信用毀損行為または業務妨害行為、その他の違法行為を行った
場合。
（7） 相手方の評判、名誉、信用を棄損した場合、または、相手方との信頼関係を著
しく破壊した場合。
（8） 本契約または個別契約の各条項のいずれかに違反した場合。
（9） その他前各号に準じる事由が発生した場合。
2. 前各号の他、甲は、乙が正当な理由なく本件業務を完了する見込みがないと判断し
た ときは、本契約および個別契約の全部または一部を解除することができるものとする。
3. 甲または乙は、前各項により本契約および個別契約を解除した場合は、相手方の責
に よって生じた損害の賠償を別途請求できるものとする。
第19条 （有効期間）
本契約の有効期間は、契約締結日にかかわらず 2024 年 4 月 1 日から 12 ヶ月間と
する。 ただし、期間満了の１ヶ月前までに、甲または乙より相手方に対し書面による別
段の意 思表示のない限り、本契約は同一条件でさらに 12 ヶ月間延長されるものと
し、以後も同 様とする。
第20条 （契約終了の効果）
1. 本契約が期間満了、解除等により終了した場合といえども、甲からの別段の書面によ
る 意思表示がない限り、履行中の個別契約は有効に存続するものとする。この場合、
本契 約は、その有効に存続している個別契約の終了まで有効とする。
2. 本契約終了後においても、第 8 条ないし第 12 条、第 14 条、第 15 条、第 21 条の
各規 定は、なお有効に存続するものとする。
第21条 （専属管轄裁判所）
本契約に関連する一切の紛争については、東京地方裁判所を第一審の専属管轄裁
判 所とする。
第22条 （契約に定めなき事項）
本契約もしくは個別契約に定めなき事項および解釈の疑義については、甲乙誠意を
持 って協議解決を図るものとする。
本契約締結の証として本書２通を作成し、甲乙記名捺印のうえ、各１通を保有す
る。 2024 年 4 月 3 日
（甲）
（乙）
基本契約書第１２条(機密保持)に定める別紙
機密保持規定
1． 目的
本機密保持規定は、本契約期間中における甲から乙に対する機密情報の開示と乙の機密保持
義務について定めるものである。
2． 機密情報の範囲および開示
（1） 本機密保持規定において「機密情報」とは、本件業務に関連し乙が受領または知得する
情報で、以下に定めるものをいう。
a. 文書、口頭によるかを問わず、甲から機密であることを明示して開示されるか、かかる
明示はなくとも乙において客観的かつ合理的に機密であると認識できる甲または甲の
顧客の業務上、技術上、または営業上の一切の情報。
b. 前ａ号の情報を使用し作成した成果物、仕掛品および関係資料（甲が機密でない旨を
別途指定した場合は除く）。
c. 「個人情報の保護に関する法律」で定義される個人情報および個人データ。 （2） 前号
の定めに関わらず、個人情報および個人データを除き、以下の情報については機密 情報でな
いものとみなす。
a. 乙が独自に開発した情報。
b. 開示の時点で既に一般に入手可能な情報。
c. 守秘義務を負うことなく、乙が既に知得している情報または乙が入手した情報。 d. 開示
された時点以降に、乙の責に帰すべき事由によらずに一般に入手可能となった 情報。
e. 乙が正当な第三者から守秘義務および使用制限を受けることなく正当に知得した情
報。
（3） 本契約および本契約に基づく本機密情報の開示は、乙に対し、甲が現在または本契約の
締結後に所有または支配するいかなる商標、著作権、または特許権についても、権利また
は実施権を許諾するものではない。また、機密情報は、現存するままの状態で提供され、
いかなる保証の対象でもないものとする。
3． 機密保持義務
（1） 乙は、前項に定める機密情報を善良な管理者の注意義務をもって機密として保持し、甲 の
書面による事前の承諾なくして、これを第三者に開示し、あるいは開示された目的以外 の
目的に使用してはならない。
（2） 乙は、前号に基づき、甲の書面による事前の承諾を得て機密情報を第三者に開示する場
合、当該第三者に対し本契約における自己の義務と同等以上の義務を負わせるものとし、 甲に
対し第三者の全ての行為およびその結果につき一切の責任を負うものとする。
（3） 乙は、法律により要求される範囲で本機密情報を他に開示することができる。但し、乙は、
甲にその旨をすみやかに通知し、甲が合理的な法的保護手段を講ずる機会を与えるもの
とする。
4． 情報管理責任者
（1） 甲および乙は、本件業務の委託に際し、機密情報の管理責任者（以下「情報管理責任 者」
という）を選任するとともに、互いにかかる情報管理責任者の所属および氏名を書面で 確
認するものとする。
（2） 情報管理責任者は、本規定所定の各種事項に関する実施責任に加え、両当事者間の連
絡、調整および報告の責任を有するものとする。
（3） 甲および乙は、情報管理責任者に変更が生じた場合、直ちに相手方に書面で通知しなけ
ればならない。
5． 機密保持に関する事項の周知
（1） 乙は、甲より機密保持に関する連絡周知の依頼があった場合、自己の要員（業務の全部 ま
たは一部を第三者に委託する場合、当該第三者を含む。以下「乙の要員」という。）にこ
れを徹底するものとする。
（2） 乙は、甲が求める場合、かかる連絡周知が確実に行われたことを証する確認書を甲に提
出しなければならない。
6． 機密保持誓約書
乙は、甲が求める場合、乙の要員の機密保持に関する誓約書を甲に提出するものとする。
7． 機密情報の返還、消去、廃棄
（1） 乙は、機密情報の開示の目的の達成、または理由の如何を問わず機密情報が不要となっ
たときには、機密情報およびその複製物、複写物のすべてを甲に返還し、または、消去、 廃棄
して、かつ処理が完了したことを証する確認書を甲に提出するものとする。
（2） 前号に関わらず、機密情報およびその複製物、複写物の一部または全部について、開示
の目的を達成した後も継続して保有する必要がある場合、甲乙合意のうえ、継続保有に
関する書面を取り交わすものとし、かかる継続保有の期間終了後、乙は、前項の処理を実
施するものとする。
（3） 乙は、乙の要員が業務を離任する場合、かかる乙の要員が保有する機密情報およびその
複製物、複写物のすべてを回収し、または、消去、廃棄し、かつすみやかに、その処理が
完了したことを証する確認書を甲に提出しなければならない。
8． 報告および監査
（1） 甲は、乙における機密情報の取扱い状況について、定期的な報告を求めることができる。 （
2） 甲は、必要に応じ、乙における機密情報の取扱い状況について、乙との事前協議のうえ で
監査を行うことができるものとし、乙はこれに協力するものとする。
9． 事故時の報告
（1） 乙は、機密情報が漏えいした場合または漏えいする恐れがあることを発見した場合は、直
ちに甲に報告し、その指示に従う。
（2） 乙は、前項に基づく報告にあたり、甲が求める資料を提出しなければならない。
10． 機密保持の期間
本契約の機密保持義務は、本契約終了後も存続する。
以上","低リスク"
"印紙
貼付
\4000
業務委託基本契約書
株式会社〇〇（以下「甲」という。）と株式会社⬜⬜（以下「乙」という）とは、甲が乙に委託する業務について、以下の通り業務 委託基本契
約（以下、「本契約」という）を締結する。
（目的）
第１条 本契約は甲が乙に委託する次の業務の全部または一部（以下「本件業務」という）に関する基本的な条件を定めることを目的とし、 本
件業務について甲及び乙間で締結されるすべての個々の契約（以下「個別契約」という）に適用されるものとする。但し、個別契約 に
おいて本契約と異なる定めを行った場合、甲及び乙は当該個別契約の定めに従うものとする。
【委託業務】 ①ＩＴ全般におけるコンサルティング、立案
②コンピュータ・システムの設計、開発、管理、テスト、導入、保守、運用
③コンピュータ・ネットワークの設計、設置、保守、運用
（個別契約の成立）
第２条 甲が乙に委託する業務の内容、成果物、納期、対価、支払方法及びその他必要な条件等の詳細は、個別契約に定めるものとする。 ② 個
別契約は、契約条件を記載した甲所定の個別契約書、覚書、注文書または発注書に対して、乙が注文請書もしくはこれに類する書 面を甲
に提出した時に成立するものとする。但し、甲の注文書発行後、１０日を経過しても乙が何らかの意思表示もしない場合、乙は 甲の注文
を承諾したものとする。
（個別契約の変更）
第３条 甲及び乙は個別契約の内容を変更する必要が生じた場合、双方協議のうえ個別契約を変更することができる。その場合、甲は別途変 更
した個別契約書、覚書、注文書または発注書を乙に交付するものとする。尚、変更された注文の成立は、前条に準ずるものとする。
（仕様の変更）
第４条 仕様変更の申し入れを行なう場合には、甲または乙は、双方で協議のうえ定めた書面に、変更の内容、理由等を明記して甲または乙 の
委託業務の主任担当者が署名または捺印を行なったうえ、これを相手方に通知するものとし、仕様変更の申し入れはこの方法のみに よ
るものとする。
② 甲または乙は、相手方から仕様変更の申し入れがあった場合、変更の内容およびその可否について協議を行なうものとする。協議の
期間は変更の申し入れがあった日から１か月以内とし、この期間内に協議が調わない場合には、変更前の仕様に従って作業を続行する
ことが甲にとって不利益であることが明らかである等の特段の事情がない限り、乙は変更前の仕様に従って作業を進めることができる
ものとする。
③ 仕様変更に伴い増加する費用については、甲の負担とする。
（責任者）
第５条 乙は、本件業務の責任者を選任することとし、同人に、本件従事者に対する業務遂行における指揮命令その他本件業務処理に必要な 事
項を行わせるものとする。
② 甲は、本件業務の遂行に関する要請・依頼、乙との連絡・確認等につき、責任者を通じて行うものとし、かかる要請等につき、当該
責任者以外の従事者に対してこれを行ってはならな
い。
（業務遂行）
第６条 乙は、自己の責任において、本件業務を遂行し、本件業務に従事する自己の従業員に対し、本件業務における割り振り、作業順序、 ス
ピード等の業務遂行方法に関し、みずから直接指示するものとする。
② 甲は、乙の従事者に対し、直接指示命令してはならず、本件業務の遂行に関する要請・依頼等については、乙の定めた責任者に対し
てこれを行うものとする。
（納入、検査）
第７条 乙は、成果物が完成した場合は、直ちにその旨を甲に通知するとともにその成果物を甲の指定する場所、指定する期日までに納入す る
ものとする。
② 甲は成果物の納入を受けた後、速やかに個別契約に定める成果物の明細及び仕様と当該成果物との整合性を検査するものとする。こ
の場合、甲は乙の立会いを求めることができるものとし、乙はこれに応じるものとする。
③ 前項の検査に合格し、検収書を発行したときをもって検収として、乙から甲へ成果物の引渡しが完了されたものとする。 ④ 第２項の検
査により、不適合または過誤等の瑕疵が判明した場合には、甲は乙に対し不適合または過誤等の要旨を直ちに通知のうえ、 瑕疵の修補を請
求するものとする。この場合、瑕疵の修補に要した費用は、不適合または過誤等の原因を勘案して、甲乙協議のうえ、 それぞれの負担額を
決定するものとする。
⑤ 検査書が交付されない場合であっても、検査期間内に甲から書面による前項の請求等成果物に対する異議の申立てがないときは、検
査期間の満了をもって検査に合格したものとする。
⑥ 第４項による請求に基づき乙が成果物の修補を行なった場合、乙は、修補後の成果物を甲の指定する期限までに甲の指定する納入場
所において甲に納入し、甲の再検査を受けるものとする。
⑦ 成果物の所有権は、本件業務の対価が完済されたときに、乙から甲に移転するものとする。
（知的財産権の帰属）
第８条 本件業務の遂行過程で生じた発明その他知的財産権またはノウハウ等（以下「発明等」という）が甲または乙のいずれか一方のみに
よって行われた場合、当該発明等に関する特許権その他知的財産権、ノウハウ等に関する権利は、当該発明等を行った者が属する当事
者に帰属する。この場合、甲または乙は、当該発明を行った者との間で特許法第３５条に基づく特許権等の継承その他必要な措置を講
ずるものとする。
② 本件業務の遂行課程で生じた発明等が甲及び乙に属する者の共同で行われた場合、当該発明等についての特許権等は甲乙の共有（持
分均等）とする。この場合、甲及び乙は、それぞれに属する当該発明等を行った者との間で特許権等の継承その他必要な措置を講ずる
ものとする。
③ 甲及び乙は、前項の共同発明等に係る特許権等について、相手方の同意を得ることなく、これらを自ら実施または利用することがで
きる。但し、これを第三者に実施または利用を許諾する場合、持分を譲渡する場合は、相手方の事前の同意を必要とする。この場合、
相手方と協議の上、実施または利用の許諾条件、譲渡条件等を決定するものとする。
④ 各前項の定めにかかわらず、成果物の著作権については、第９条に定めるところによるものとする。
（成果物の著作権）
第９条 成果物のうち本件業務で新規に作成されたプログラムの著作権は、本件業務の対価が完済されたときに、乙から甲へ譲渡（著作権法 第
２１条から第２８条に定めるすべての権利を含む）されるものとし、著作権譲渡の対価は、本件業務の対価に含まれるものとする。 ② 乙は前
項に基づき甲に著作権を譲渡し、著作者人格権（公表権、氏名表示権、同一性保持権）を行使しないものとする。
（瑕疵担保責任）
第１０条 乙が成果物を甲に引渡した検収終了後１年以内に発見された不具合、誤り、瑕疵（以下「不具合」という。）については、乙は、無
償でこれを修正するものとする。但し、その不具合が乙の責に帰すべ からざる事由によるものである場合、乙は甲の要求に従いこれを
有償で修正するものとする。
（遵法義務）
第１１条 乙は法令に定めるところにより、適法に本件業務を遂行し、知的財産権などを含む第三者の権利を侵害してはいないことを保障する。
また、すべての必要な手続および義務を遂行し労働管理および作業管理等の万全を期するものとする。万一これらに関する事故が発生
した場合、または事故の発生する虞がある場合には、すべて乙の責任において解決処理するものとする。
（中止）
第１２条 甲はやむを得ない事由により本件業務の継続が困難であると判断した場合、甲乙協議の上、本件業務を中止できるものとする。また、
その場合、対価の清算を含むその後の措置について甲乙協議するものとする。
（権利・義務の譲渡禁止）
第１３条 甲及び乙は相手方の事前の書面による承諾を得ることなく、本契約及び個別契約の地位、権利または義務を有償・無償を問わず第三
者に譲渡や貸与をしたり、担保に供してはならない。
（機密保持）
第１４条 甲及び乙が個別契約に先立ち本件業務に関する機密保持契約を締結した場合、乙は当該機密保持契約を遵守するものとする。 ② 前項
の機密保持契約が締結されなかった場合といえども、甲及び乙は本件業務を遂行するにあたって相手方より知り得た営業上、技 術上及び
管理上の情報を第三者に漏洩したり、本件業務の遂行以外の目的に流用してはならない。但し、次の各号に定める情報は機密 情報には含
まれないものとする。
（１）甲及び乙の本契約違反の行為または不作為によらず公知となった情報
（２）甲の提供前に公知となっていたか、乙が適法に占有していた情報
（個人情報保護）
第１５条 乙は、本件業務の遂行上知り得た甲の従業員等もしくは第三者の個人情報（氏名、住所、年齢、電話番号、趣味、趣向、家族構成そ
の他プライバシーに係わる情報をいう）を善良なる管理者の注意をもって管理しなくてはならない。
② 乙は、契約満了、中止、解除その他理由の如何を問わず本件業務が終了した場合、速やかに個人情報を記録した有体物を甲の指示に
従い返却若しくは廃棄するものとし、またコンピュータ等に記録されたデータ等の無体物を消去するものとする。また、乙は甲が求め
た場合、当該機密情報の返却、廃棄、消去等を行った証明書を提出するものとする。
（再委託の原則禁止）
第１６条 乙が甲の承認により、本件業務の全部または一部を再委託する場合、乙は再委託先に対し、本契約及び個別契約に定める乙が甲に対
して負うのと同様の義務を負わせるものとし、また再委託先の行為につき再委託先と連帯して責任を負うものとする。
（最終顧客との契約の禁止）
第１７条 乙は本件業務に関連して、甲の顧客または最終顧客との間で本件業務及び本件業務類似業務に関する業務委託契約その他類似の契約
を締結してはならないものとする。
（損害賠償）
第１８条 乙及び乙の従業員が本件業務の遂行にあたり、乙または乙の従業員の故意または過失により、甲または甲の顧客や第三者に損害を及
ぼしたときは、乙はその損害を業務委託料を上限に賠償するものとする。なお、本条にいう損害には、乙の行為によって被った被害を
立証するために要した費用、訴訟費用、弁護費用等の費用も含まれるものとする。
（契約の解除）
第１９条 甲及び乙は、相手方が次の各号に該当する場合、何ら催告することなく、本契約および個別契約の全部または一部を解除することが
できる。
（１）本契約及び個別契約に違反し、甲または乙の是正催告にも拘らず、違反状態を是正しない場合 （２）
第三者から仮差押、仮処分、差押、滞納処分、その他強制執行処分を申し立てられた場合
（３）破産、民事再生、会社更生若しくは特別清算の手続きを自ら申し立てまたは第三者
から申し立てられた場合
（４）本件業務の遂行が不可能または著しく困難であると甲が判断した場合
（５）甲または乙に対する信頼を失うような背信的行為を行った場合
（有効期間）
第２０条 本契約は契約締結日より１年間とする。但し、期間満了の３ヶ月前までに甲または乙のいずれからも別段の意思表示のないときは、
同一の条件をもって更に１年間継続されるものとし、その後も同様とする。
（協議）
第２１条 本契約について疑義が生じた場合、または本契約に定めのない事項については、甲乙誠意をもって協議し、解決するものとする。
（裁判管轄）
第２２条 前条の協議によっても解決できない事項及び紛争に発展した事項の解決を行う場合、第一審の専属的合意管轄裁判所を名古屋地方裁
判所とする。
本契約締結の証として、本書２通を作成し、甲乙記名捺印のうえ各自１通を保有するものとする。
甲
乙","低リスク"
